osing,indonesian
"Iro wis madhang?","Kamu sudah makan"
"Durung, isun pancen arep madhang nang kene","Belum, aku memang mau makan di sini"
"Riko arep pesen opo?","Kamu mau pesan apa?"
"Aku pesen nasi goreng lan teh anget","Aku pesan nasi goreng dan teh hangat"
"Riko kelendi kabare?","Bagaimana kabarmu?"
"Kabarku apik, tapi akeh gawean","Kabarku baik, tapi banyak kerjaan"
"Ngelih banget iki!","Lapar banget nih!"
"Riko arep nang endi?","kamu mau kemana?"
"Kapan riko arep mrene?","kapan kamu mau kesini"
"Riko iki seng arep maning tah ambi isun?","kamu ini sudah tidak mau ta sama saya"
"Riko kelendi kabare?","kamu gimana kabarnya"
"Awas engko tah temebluk siro iku","awas nanti ta kamu jatuh"
"Isun iki wes welas nyang riko","aku ini sudah sayang ke kamu"
"Menurut riko isun iki kelendi wonge?","menurut kamu aku ini gimana orangnya"
"Ojo cilik ati","jangan berkecil hati"
"Apuwo riko mbewek byaen?","kenapa kamu sedih terus"
"Nagud!","bermakna jelek"
"Omah riko nong endi","rumah kamu dimana"
"Isun gedigi anane","aku begini adanya"
"Raino bengi anane sun mung ngangen","setiap malam saya hanya bisa berharap"
"Gedigi","begini"
"Sing nduwe isin","tidak punya malu"
"Kelendi","bagaimana"
"Apuwo","kenapa"
"Ngapuro, aku ora kaya ngono. Isun iki wes welas nyang riko","Maaf, aku bukan seperti itu. Aku sudah sayang sama kamu"
"Menurut riko, isun iki kelendi wonge?","Menurutmu, aku ini gimana orangnya"
"Riko wong apik, ojo cilik ati. Isun sayang karo riko","Kamu orang baik, jangan berkecil hati. Aku sayang sama kamu"
"Aku arep nang pasar, tuku sayur. Riko?","Aku mau ke pasar beli sayur. Kamu?"
"Aku arep neng omah kancaku. Awas engko tah temebluk siro iku!","Aku mau ke rumah temanku. Awas nanti kamu jatuh!"
"Tenang bae, aku ati-ati.","Tenang saja, aku hati-hati."
"Kapan riko arep mrene? Wis suwe aku ngenteni.","Kapan kamu mau ke sini? Aku sudah lama menunggu."
"Sabar, isun entuk gawean sekedik. Mungkin bengi riko bisa ngancani aku?","Sabar, aku ada pekerjaan sedikit. Mungkin malam nanti kamu bisa menemani aku?"
"Oke, aku bakal mrene sore iki. Raino bengi anane sun mung ngangen riko.","Oke, aku akan ke sana sore ini. Setiap malam aku hanya bisa merindukan kamu."
"Apuwo riko mbewek byaen? Kelihatan sedih banget.","Kenapa kamu sedih terus? Kelihatannya sedih banget."
"Aku cilik ati. Gara-gara nilai tugasku elek banget.","Aku merasa kecil hati. Nilai tugasku jelek banget."
"Ojo cilik ati, isun yakin riko bisa ndandani kabeh.","Jangan berkecil hati, aku yakin kamu bisa memperbaikinya."
"Matur nuwun, riko pancen kancane apik.","Terima kasih, kamu memang teman yang baik."
osing,indonesian
"Isun ngambung kembang hang wangi seru.","Aku mencium bunga yang sangat harum."
"Riko paran maning arep golek ring pasar?","Kamu apalagi mau cari di pasar?"
"Bapak nguwel lare iku polae bandel.","Bapak memarahi anak itu karena bandel."
"Ono paran ring jero umah riko?","Ada apa di dalam rumah kamu?"
"Myane isun aron, isun arep madhang.","Agar supaya aku sembuh, aku mau makan."
"Byanyu belabur sakat wingi bengi.","Air meluap sejak kemarin malam."
"Isun arep melayu menyang umah riko.","Aku akan berlari menuju rumah kamu."
"Wawuh karo wong osing iku nggarai seneng.","Akrab dengan orang Osing itu membuat senang."
"Odod wit iku gedhig seru.","Akar pohon itu sangat besar."
"Wuruk kang diwenehi guru kudu dielingi.","Ajaran yang diberikan guru harus diingat."
"Ampet dyamar iku, myane padang.","Ambil lampu itu, supaya terang."
"Gedhoh kopi iku dibuwang wae.","Ampas kopi itu dibuang saja."
"Imuk lare iku polae diunek-unekaken.","Amuk anak itu karena diejek-ejek."
"Jungjung barang iku pelan-pelan.","Angkat barang itu pelan-pelan."
"Teek iku durung ngerti apa-apa.","Anak yang masih kecil itu belum tahu apa-apa."
"Lare thulik iku pinter seru.","Anak laki-laki itu pintar sekali."
"Jebeng iku ayu seru.","Anak perempuan itu cantik sekali."
"Lare buru sore iku durung weruh paran-paran.","Anak yang belum tahu apa-apa itu belum tahu apa-apa."
"Ancas isun marang riko mung siji.","Ancaman saya kepadamu hanya satu."
"Riyukk ati isun krungu omongan riko.","Hancur hati saya mendengar ucapan kamu."
"Ndiko arep menyang endi?","Anda yang dihormati mau pergi ke mana?"
"Mungguo riko teko, isun seneng seru.","Andai kamu datang, aku senang sekali."
"Waled temenan daging wedhus iku.","Alot sekali daging kambing itu."
"Paran hang ndelok riko?","Apa yang kamu lihat?"
"Jajang iku gedhig seru.","Bambu itu sangat besar."
"Kepos klambi iku polae udan.","Basah baju itu karena hujan."
"Celeng iku mlayu riyukk.","Babi hutan itu lari hancur."
"Kelumus klambi isun polae ceblok ring kali.","Basah kuyup baju saya karena jatuh di sungai."
"Larad maning pikiran isun.","Bablas lagi pikiran saya."
"Gyalapan jaran iku rame seru.","Balapan kuda itu ramai sekali."
"Opor-oporan ring pinggir pantai asyik seru.","Bakar-bakaran di pinggir pantai asyik sekali."
"Banguryan beli kang anyar ae.","Bagusan beli yang baru saja."
"Kelendhi carane ngerti ati riko?","Bagaimana caranya tahu hati kamu?"
"Talar omongan wong tuwek iku.","Bantah ucapan orang tua itu."
"Byapak isun gagah seru.","Bapak saya gagah sekali."
"Merujuk wit iku sakat wingi.","Baru tumbuh pohon itu sejak kemarin."
"Beledhus bau badan riko.","Bau badanmu tak sedap."
"Ngeloyong ring kali iku adem seru.","Berenang di sungai itu dingin sekali."
"Mencorot serngenge isuk iki.","Bersinar matahari pagi ini."
"Melayu-melayau lare cilik iku.","Berlari-lari anak kecil itu."
"Gemprak lare iku polae nakal.","Bentak anak itu karena nakal."
"Merujuk kembang ring plataran umah.","Bertunas bunga di halaman rumah."
"Jak piro larenek riko?","Berapa orang anaknya kamu?"
"Wel-welan wong ring pasar.","Berdesak-desakan orang di pasar."
"Junggrang seru wit kelapa iku.","Besar tinggi sekali pohon kelapa itu."
"Myane riko ngerti, isun ngomong iki.","Biar kamu tahu, saya bilang ini."
"Genengno ae, wis takdir.","Biarkan saja, sudah takdir."
"Memengan lare iku ring lapangan.","Bermain anak itu di lapangan."
"Lenged seru kipas angin iki.","Berputar kencang sekali kipas angin ini."
"Ngontreng pikiran isun mikir riko.","Berputar-putar lepas kendali pikiran saya memikirkan kamu."
"Kening banyu kali iku.","Bening air sungai itu."
"Bik isun teko sakat wingi.","Bibi saya datang sejak kemarin."
"Beluk ring ngarep iku.","Belok di depan itu."
"Jedhor suwarane bedug magrib.","Jedhor suaranya bedug magrib."
"Gedigi carane nggawe.","Begini caranya membuat."
"Gedigu hang arep diomongaken.","Begitu yang mau diucapkan."
"Angas seru nyali riko.","Berani sekali nyali kamu."
"Mangkat isun saiki.","Berangkat saya sekarang."
"Abot temenan beban iki.","Berat sekali beban ini."
"Mubyar intan iku.","Berkilauan intan itu."
"Ndonono marang wong hang butuh.","Berikan kepada orang yang butuh."
"Wanen seru riko.","Berani sekali kamu."
"Mbelakrak barang-barang ring kamar.","Berserak barang-barang di kamar."
"Gedhig seru umah iku.","Besar sekali rumah itu."
"Seru temenan omongan riko.","Betul-betul sekali ucapan kamu."
"Wanenan lare iku.","Beranian anak itu."
"Mbenu temenan lare iku.","Bandel sekali anak itu."
"Cengkal lare iku diomongi.","Bandel/ngeyel anak itu dinasihati."
"Gujreh mulute lare iku madhang.","Belepotan mulut anak itu makan."
"Ngempos bis iku ring terminal.","Berhenti bis itu di terminal."
"Sarehne udan, isun heng dadi budhal.","Berhubung hujan, saya tidak jadi berangkat."
"Pernah isun ring kene.","Betah saya di sini."
"Pecak sikile polae ceblok.","Bekas kakinya karena jatuh."
"Kempol sikile gedhig seru.","Betis kakinya besar sekali."
"Mernahi ati isun ring kene.","Bikin betah hati saya di sini."
"Celathu mak isun polae isun nakal.","Bicara marah ibu saya karena saya nakal."
"Blambyangan tanah kelahiranku.","Blambangan tanah kelahiranku."
"Gubab temenan riko.","Bohong sekali kamu."
"Lencur maning lare iku.","Bolos lagi anak itu."
"Wuwunyan umah iku dhuwur seru.","Bubungan rumah itu tinggi sekali."
"Mingis ae lawang iku.","Buka sedikit saja pintu itu."
"Jemblang lawang iku.","Buka lebar-lebar pintu itu."
"Ulan nduweni cahya.","Bulan memiliki cahaya."
"Kembang sepatu iku wernane abang.","Bunga sepatu itu warnanya merah."
"Bongol temenan riko.","Bodoh sekali kamu."
"Belog temenan lare iku.","Bodoh sekali anak itu."
"Dongong polae lali terus.","Bodoh dan pelupa karena lupa terus."
"Engekno lawang iku!","Bukakan pintu itu!"
"Bliyak lawang iku.","Buka pintu itu."
"Buyang sampah iku.","Buang sampah itu."
"Puthuk iku dhuwur seru.","Bukit itu tinggi sekali."
"Cengkir iku seger temenan.","Buah kelapa yang masih sangat muda itu segar sekali."
"Gopoh isun polae telat.","Buru-buru saya karena terlambat."
"Cerret! Kaget isun.","Busyett! Kaget saya."
"Nagud oro! Lare iku nakal seru.","Busyeet dah! Anak itu nakal sekali."
"Celleng oro! Omongan riko kasar seru.","Busyet! Ucapan kamu kasar sekali."
"Golek iwak ring kali.","Cari ikan di sungai."
"Golekeno banyu dinggo isun.","Carikan air untuk saya."
"Gancang mlaku!","Cepat jalan!"
"Gromyoh atine lare iku.","Ceria hati anak itu."
"Ampah temenan gawene.","Ceroboh sekali pekerjaannya."
"Dekok lemah ring ngarep umah.","Cekung/menjorok ke dalam tanah di depan rumah."
"Jelekong ban iku polae bocor.","Cekung ke bawah/berubah bentuk ban itu karena bocor."
"Perdang-perding lare iku nyari makne.","Celingukan anak itu mencari ibunya."
"Cupar atine wong wadon iku.","Cemburu hati wanita itu."
"Sigunen isun madhang cepet-cepet.","Cigukan saya makan cepat-cepat."
"Ambung kembang iki.","Cium bunga ini."
"Ngambung tangan mak.","Mencium tangan ibu."
"Gelang alit iki larang seru.","Cincin ini mahal sekali."
"Demen isun marang riko.","Cinta saya padamu."
"Erus dinggo nyiduk jangan.","Ciduk sayur."
"Acake dhisik rasane.","Coba dulu rasanya."
"Tulodho kang becik kudu ditiru.","Contoh yang baik harus ditiru."
"Doyong wit iku arep rubuh.","Condong pohon itu mau roboh."
"Mung siji hang isun jaluk.","Cuma satu yang saya minta."
"Ketimbyang isun nangis, banguryan isun meneng.","Daripada saya menangis, lebih baik saya diam."
"Dibiarkan ae lare iku nangis.","Dibiarkan saja anak itu menangis."
"Lebu ring ngarep umah akeh seru.","Debu di depan rumah banyak sekali."
"Parek seru umahe karo pasar.","Dekat sekali rumahnya dengan pasar."
"Di apeni isun karo kancane.","Dibohongi saya oleh temannya."
"Ndumpak lawang iku.","Depak, sepak, terjang pintu itu."
"Kambi sapa riko teko?","Dengan siapa kamu datang?"
"Takal-takalan isun nggolek duwit.","Dengan segala upaya saya mencari uang."
"Ring umah isun seneng seru.","Di rumah saya senang sekali."
"Di uwel isun karo bapak.","Dimarahi saya oleh bapak."
"Dikapak barang iki?","Diapakan barang ini?"
"Digowo ae barang iki.","Dibawa saja barang ini."
"Diterak tas iku karo motor.","Dibawa dan terseret tas itu oleh motor."
"Diered lemah iku.","Diseret tanah itu."
"Longan ring ngisor amben.","Di bawah tempat tidur."
"Potheng-potheng roti iku.","Dipotong-potong menggunakan tangan/tanpa menggunakan alat roti itu."
"Nclob iwak ring banyu.","Dimasukkan ke air ikan di air."
"Yane wis teko.","Dia sudah datang."
"Diparoti duwit iku.","Disimpan uang itu."
"Bengen isun cilik seru.","Dulu saya kecil sekali."
"Wingek isun teko ring kene.","Dulu sekali saya datang di sini."
"Sulung isun mangkat.","Duluan saya berangkat."
"Njebebeh lambene polae diantem.","Dower/menganga bibirnya karena dipukul."
"Embuh arep menyang endi.","Entah mau pergi ke mana."
"Alung madhang sego tiwul.","Enakan makan nasi tiwul."
"Ancang seru banyu iki.","Encer sekali air ini."
"Sungkan isun mangkat dewekan.","Enggan saya berangkat sendirian."
"Amperu isun loro seru.","Empedu saya sakit sekali."
"Bukung buntute kucing iku.","Ekor terpotong ekor kucing itu."
"Kecoh seru omongane.","Fasih/jelas sekali ucapannya."
"Ganjur iku dawa seru.","Galah panjang itu panjang sekali."
"Sengget dinggo njupuk woh-wohan.","Galah untuk mengambil buah-buahan."
"Genten isun saiki.","Ganti saya sekarang."
"Gentenan nyapu plataran.","Gantian menyapu halaman."
"Abete riko nggarai isun gemes.","Gayamu (Sifat/tingkah) kamu membuat saya gemas."
"Garit ring dalan iku lurus seru.","Garis di jalan itu lurus sekali."
"Gredoan mak isun marang bapak.","Gurau/merayu ibu saya kepada bapak."
"Ongkeb awak isun polae panas.","Gerah/berkeringat badan saya karena panas."
"Ontrag wong-wong ring pasar.","Gempar orang-orang di pasar."
"Gemerojhog banyu kali.","Gemericik air sungai."
"Jumbleng dalan iku.","Gelap jalan itu."
"Aclak temenan gaya bicare.","Gaya bicara yang ekspresif, dinamis, dan dramatis sekali."
"Tatak atine ngadepi cobaan.","Gigih hatinya menghadapi cobaan."
"Patheng nyambut gawe.","Giat bekerja."
"Gurau isun karo kanca-kanca.","Gurau saya dengan teman-teman."
"Muyab temenan omongane.","Gurau sekali ucapannya."
"Nderini awak isun polae adem.","Gemetar badan saya karena dingin."
"Gempung roti iku.","Gosong roti itu."
"Jibros rambute wong iku.","Gondrong dan kumal rambut orang itu."
"Campak temenan jangan iki.","Hambar sekali sayur ini."
"Lutrek umah iku polae rubuh.","Hancur rumah itu karena rubuh."
"Bebeng maling iku.","Hadang maling itu."
"Serantan ae, aja kesusu.","Hati-hati/sabar saja, jangan terburu-buru."
"Cubok iku medeni.","Hantu itu menakutkan."
"Mung riko hang isun demen.","Hanya kamu yang saya cinta."
"Sait maling iku.","Hajar maling itu."
"Krutugh wong-wong marang maling.","Hajar beramai-ramai orang-orang kepada maling."
"Gempung roti iku polae diobong.","Hangus roti itu karena dibakar."
"Ruces wong-wong ring pasar.","Heboh orang-orang di pasar."
"Depani cobaan iki kanthi sabar.","Hadapi cobaan ini dengan sabar."
"Cemeng kucing iku.","Hitam kucing itu."
"Reko duwit iki.","Hitung uang ini."
"Nggelinseng wernane ireng iku.","Hitam sekali warnanya hitam itu."
"Gothang duwit isun.","Hilang sedikit uang saya."
"Mamut ae pikiran isun.","Hilang/pergi saja pikiran saya."
"Suloyo janjine.","Ingkar janjinya."
"Enget seru isun marang riko.","Ingat sekali saya padamu."
"Mak isun ayu seru.","Ibu saya cantik sekali."
"Rabi isun pinter masak.","Istri saya pandai masak."
"Pakpok utange.","Impas hutangnya."
"Idek sikile lare iku.","Injak kakinya anak itu."
"Gejroh lemah iku.","Injak dengan keras (sengaja) tanah itu."
"Cancang tali iku.","Ikat tali itu."
"Ketheni pitik iku.","Ikat (dibuat permainan) ayam itu."
"Inceng lare iku lagi ngapa.","Intip anak itu lagi apa."
"Kuryangen madhang sego rawon.","Ingin lagi makan nasi rawon."
"Prandane isun ngerti.","Itulah makanya saya tahu."
"Pocok-pocok ae.","Jadi-jadi saja."
"Lurung iku sepi seru.","Jalan itu sepi sekali."
"Nggeledrek isun nang sore.","Jalan-jalan keluar rumah saya sore."
"Driji isun loro.","Jari saya sakit."
"Temebluk lare iku saka wit.","Jatuh anak itu dari pohon."
"Cicir buah iku saka wit.","Jatuh dari atas buah itu dari pohon."
"Keseliring isun ring dalan.","Jatuh karena salah jalan saya di jalan."
"Kejiglang lare iku.","Jatuh tersandung/terpelosok anak itu."
"Ugo isun melu.","Juga saya ikut."
"Tibo kesereb lare iku.","Jatuh tertelungkup anak itu."
"Kawus isun diomongi.","Jera saya dinasihati."
"Papag lare iku.","Jemput anak itu."
"Ojo papak isun teko.","Jangankan saya datang."
"Ngelepek lare iku ring pasar.","Jalan-jalan tak menentu anak itu di pasar."
"Tayongan lare iku.","Berjalan (berirama) anak itu."
"Sontok maling iku.","Jotos maling itu."
"Carok isun karo kanca lawas.","Jumpa saya dengan teman lama."
"Perkul dinggo nebang wit.","Kampak untuk menebang pohon."
"Siro arep menyang endi?","Kamu mau pergi ke mana?"
"Kusut kain lap iki.","Kain lap ini kusut."
"Kekok tangane polae kaku.","Kaku tangannya karena kaku."
"Ngelencur tim isun.","Kalah sebelum bertanding tim saya."
"Tasemak iku larang seru.","Kacamata itu mahal sekali."
"Kang isun pinter seru.","Kakak laki-laki saya pandai sekali."
"Mbok isun ayu seru.","Kakak perempuan saya cantik sekali."
"Kang ilik isun nakal.","Kakak yang masih kecil saya nakal."
"Polae udan, isun heng dadi budhal.","Karena hujan, saya tidak jadi berangkat."
"Kagum isun karo kembang iku.","Kagum saya dengan bunga itu."
"Kadhak riko teko, isun seneng.","Kalau kamu datang, saya senang."
"Kalah cacak menang apruo, hang penting melu.","Kalah menang urusan belakang, yang penting ikut."
"Kakik isun wis tuwek seru.","Kakek saya sudah tua sekali."
"Welas asih karo sesama.","Kasih, sayang kepada sesama."
"Hun tanggo riko mau nyang pasar.","Saya kira kamu ke pasar."
"Wingyenanek isun teko ring kene.","Kemarin saya datang di sini."
"Sabhane isun menyang Jakarta.","Kemarin saya pergi ke Jakarta."
"Apuo riko nangis?","Kenapa kamu menangis?"
"Kayalen atine arep melu.","Keinginan yang menggebu hatinya mau ikut."
"Keneng musibah isun.","Kena musibah saya."
"Gegeten lare iku krungu bledheg.","Ketakutan sekali (terkejut) anak itu mendengar petir."
"Kuryangen madhang sego pecel.","Ketagihan makan nasi pecel."
"Rencek seru barang iku.","Kecil/ringan sekali barang itu."
"Cilil semut iku.","Kecil sekali semut itu."
"Kejobo riko, isun heng demen sapa-sapa.","Kecuali kamu, saya tidak cinta siapa-siapa."
"Bucur kepalane polae ceblok.","Kepala yang berdarah kepalanya karena jatuh."
"Kimbyang-kimbyang banyu kali.","Kebanyakan air sungai."
"Tumyan ngopi saben sore.","Kebiasaan/biasa minum kopi setiap sore."
"Mongod-mongod isun madhang.","Kenyang/puas sekali saya makan."
"Tuwuk isun madhang.","Kenyang, sering, puas saya makan."
"Kenthel seru kopi iku.","Kental sekali kopi itu."
"Wangkot lare iku diomongi.","Keras kepala anak itu dinasihati."
"Karipan isun tangi isuk.","Kesiangan/kurang tidur saya bangun pagi."
"Getuh banyu kali iku.","Keruh air sungai itu."
"Kecaruk isun karo kanca lawas.","Ketemu saya dengan teman lama."
"Keseron-seron omongane.","Keterlaluan ucapannya."
"Kejolok banyu ring ember.","Kebanyakan air di ember."
"Heng umyan isun panganan.","Tidak kebagian saya makanan."
"Reki rambute lare iku.","Ketombe rambut anak itu."
"Dhempak tangane wong iku.","Kekar tangannya orang itu."
"Atos kayu iku.","Keras/alot kayu itu."
"Ilir dinggo ngipas.","Kipas untuk mengipas."
"Ilir-ilir lare iku.","Kipas-kipas anak itu."
"Wowong rambute nganggo sampo.","Kramas rambutnya memakai sampo."
"Kenyab temenan lare iku.","Konyol sekali anak itu."
"Coret dinggo nyumet rokok.","Korek api untuk menyulut rokok."
"Belebegh klambine lare iku.","Kotor sekali bajunya anak itu."
"Sbrak klambi iku.","Koyak baju itu."
"Bongak klambine.","koyak bajunya."
"Bered kertas iku.","koyak kecil kertas itu."
"Kenci awak isun.","Kurus badan saya."
"Tatag atine ngadepi cobaan.","Kuat hatinya menghadapi cobaan."
"Pethekel badane wong iku.","Kuat, gagah, berotot badannya orang itu."
"Kencet jeruk iku.","Kupas jeruk itu."
"Penging lare iku dolanan.","Larang anak itu bermain."
"Kemelser omongane.","Lancar ucapannya."
"Cabyak temenan wong iku.","Lantang (banyak bicara) sekali orang itu."
"Uwel lare iku.","Larang/marah anak itu."
"Di uwel lare iku karo makne.","Dilarang dengan marah-marah anak itu oleh ibunya."
"Lesuh awak isun.","Letoy, lemas badan saya."
"Anguryan mangan tempe.","Lebih baik makan tempe."
"Maning duwit isun.","Lagi uang saya."
"Lawas seru isun ngenteni.","Lama sekali saya menunggu."
"Luwas klambi lawas iku.","Lama/usang baju lama itu."
"Gyaros dodolan kopi.","Laris jualan kopi."
"Dyamar iku padang seru.","Lampu itu terang sekali."
"Dyamar telempek dinggo penerangan.","Lampu lentera untuk penerangan."
"Lancing iku pinter seru.","Lelaki belum menikah itu pandai sekali."
"Coplok sepatune.","Lepas sepatunya."
"Benthuk watu iku.","Lempar batu itu."
"Uncal bola iku.","Lempar bola itu."
"Lemon daging sapi iku.","Lemak (gajih) daging sapi itu."
"Muncal-muncal bola iku.","Terlempar beberapa kali bola itu."
"Clorong watu iku.","Lempar dengan sengaja batu itu."
"Lesuh awak isun.","Lemas badan saya."
"Diclorongaken bal iku.","Dilemparkan bola itu."
"Diclorong-clorongaken bal iku.","Dilempar-lemparkan bola itu."
"Jangged lem iku.","Lengket lem itu."
"Miyut seru udan iki.","Lebat sekali hujan ini."
"Wero seru plataran umah.","Luas sekali halaman rumah."
"Jelowokan lemah iku.","Lubang kecil tanah itu."
"Juglangan lemah iku.","Lubang besar tanah itu."
"Genjur buah iku.","Lunak sekali buah itu."
"Borok sikile lare iku.","Luka/infeksi kakinya anak itu."
"Belethok dalan iku.","Lumpur jalan itu."
"Lunyau dalan iku.","Licin jalan itu."
"Semat dinggo nyulut geni.","Lidi untuk menyulut api."
"Liwyat isun ring ngarep umah riko.","Lewat saya di depan rumah kamu."
"Delengen tah, kembang iku ayu seru.","Lihatlah, bunga itu cantik sekali."
"Mlencung lare iku.","Lompat anak itu."
"Lucau temenan tingkahe.","Lucu sekali tingkahnya."
"Mengan lare iku.","Main anak itu."
"Diewel-ewel dolanan iku.","Dipermainkan (spt barang mainan) mainan itu."
"Lodhong riko!","Mampus kamu!"
"Lodhong iro! Nekat temenan.","Mampus kau! Nekat sekali."
"Endane riko wis teko?","Masak? (kaget) kamu sudah datang?"
"Using tah riko arep melu?","Masak iya? (Kaget) kamu mau ikut?"
"Jembung dinggo banyu.","Mangkok untuk air."
"Mateng buah mangga iku.","Masak (buah) mangga itu."
"Nyunyur buah mangga iku.","Masak sekali/lunak (buah) mangga itu."
"Kesemek-kesemek rasane.","Mantap sekali rasanya."
"Sowok dinggo ngobati wong lara.","Mantra untuk mengobati orang sakit."
"Rapuh mantrane dinggo pertandingan.","Mantra untuk pertandingan."
"Sowok dinggo ngobati.","Mantra untuk pengobatan."
"Sowok, tenung, sihir dinggo kejahatan.","Mantra untuk kejahatan."
"Pesengan dinggo nglindhungi umah.","Mantra yang ditempatkan di suatu tempat untuk melindungi rumah."
"Moring atine wong iku.","Marah/murka hati orang itu."
"Kebes geni iku.","Matikan (tiup) api itu."
"Madhyang isun saiki.","Makan saya sekarang."
"Endyane riko teko?","Masak? Kamu datang?"
"Using tah riko gelem melu?","Masak? Kamu mau ikut?"
"Magih isun ring kene.","Masih saya di sini."
"Moto isun loro.","Mata saya sakit."
"Gemulyak banyu iku.","Mendidih air itu."
"Kenyab lare iku mempermainkan wong tuwek.","Konyol anak itu mempermainkan orang tua."
"Masio udan, isun tetep budhal.","Meskipun hujan, saya tetap berangkat."
"Ngampar lare iku ring tali.","Meniti jalan agar tidak jatuh (sambil pegangan) anak itu di tali."
"Setalangan ono paran siro ring konok?","Memang ada apa kamu di sana?"
"Aluk tuku sing anyar.","Mendingan beli yang baru."
"Lodhok duwit ring celengan.","Memasukkan sesuatu ke lubang uang di celengan."
"Gumbleng kuping isun krungu suwara iku.","Memekakkan telinga saya mendengar suara itu."
"Kenyes-kenyes rasane buah iku.","Menggairahkan rasanya buah itu."
"Melengon isun marang omongane.","Menghiraukan/mengindahkan saya kepada ucapannya."
"Caring awak isun ring srengenge.","Menjemur badan biar kering saya di matahari."
"Mungkruk wit iku.","Merunduk pohon itu."
"Ongkal lading iku.","Mengasah pisau itu."
"Heng melengon isun marang omongane.","Tidak menghiraukan saya kepada ucapannya. Tersebar: semebyar."
"Bingkak atine wong iku.","Menyamakan/tidak membeda-bedakan (terkesan tidak sopan) hati orang itu."
"Muronai minuman iku.","Menyebabkan mabuk minuman itu."
"Apuwo riko nangis?","Mengapa kamu menangis?"
"Mijo iku anyar.","Meja itu baru."
"Melekintheng ulog iku.","Melingkar ular itu."
"Ndol tingkahe lare iku.","Menggelikan/memuakkan tingkah anak itu."
"Mancad lemah iku.","Menginjak tanah itu."
"Sait musuh iku.","Melepaskan serangan tangan musuh itu."
"Meledos ban iku.","Meletus ban itu."
"Ngambul lare iku.","Merajuk anak itu."
"Kapuronto wernane kembang iku.","Merah muda warnanya bunga itu."
"Ngambulan lare iku.","Suka merajuk anak itu."
"Mberanang wajahe lare iku.","Merona wajahnya anak itu."
"Kimples klambine lare iku.","Menyusut bajunya anak itu."
"Tedyas mantra iku.","Mempan mantra itu."
"Ludhek tangan ring banyu.","Memasukkan tangan ke air."
"Mungkasai gawean iki.","Menyelesaikan pekerjaan ini."
"Mungub gunung iku.","Menyembul gunung itu."
"Puges wit iku.","Memanggal pohon itu."
"Ludhang pintu iku.","Membuka yang ditunggu pintu itu."
"Gebros awak iku.","Membersihkan/memukul ke badan dg alat yg tdk membahayakan badan itu."
"Sabrang kali iku.","Menyeberang sungai itu."
"Bongko pitik iku.","Mati (kasar) ayam itu."
"Uneg-unegen isun madhang.","Malas makan karena aromanya saya makan."
"Bojog iku nakal seru.","Monyet itu nakal sekali."
"Tempong mulute lare iku.","Mulut yang ditampar mulutnya anak itu."
"Luwyak iku nyolong pitik.","Musang itu mencuri ayam."
"Emok atine wong iku.","Marah gak menentu hati orang itu."
"Moreng atine wong iku.","Marah hati orang itu."
"Lengo gas dinggo lampu.","Minyak tanah untuk lampu."
"Unyeng-unyengan isun ring dalan.","Mutar-mutar tersesat saya di jalan."
"Meloncrot banyu saka kran.","Muncrat air dari kran."
"Melekok isun polae masuk angin.","Muntah saya karena masuk angin."
"Katon wajahe saka kadohan.","Nampak wajahnya dari kejauhan."
"Embyah isun wis sepuh.","Nenek saya sudah tua."
"Mbenu lare iku.","Nakal anak itu."
"Tuwyas isun teko, riko wis budhal.","Nanti malah saya datang, kamu sudah berangkat."
"Aran isun Budi.","Nama saya Budi."
"Gurih masakan iki.","Nikmat masakan ini."
"Sokheh rasane panganan iki.","Nikmat sekali rasanya makanan ini."
"Mernahi ati ring kene.","Nyaman hati di sini."
"Gyayab atine arep dolanan.","Nafsu sekali, semangat hatinya mau bermain."
"Ningguli sampah iku.","Nutupi sampah itu."
"Ketinggulyan duwit iku.","Ketutupan uang itu."
"Boreh minyak ring awak.","Oles minyak di badan."
"Lare iku pinter seru.","Orang itu pintar sekali."
"Wong Osing iku ramah seru.","Orang Osing itu ramah sekali."
"Wong tuwyek iku wiseh.","Orang tua itu bijaksana."
"Emong isun melu.","Ogah saya ikut."
"Sir-siran iku ayu seru.","Pacar itu cantik sekali."
"Byakalan lare iku.","Pacaran anak itu."
"Pokang sikile lara.","Paha kakinya sakit."
"Lilo isun marang takdir.","Pasrah saya kepada takdir."
"Lilakeno atine.","Pasrahkan hatinya."
"Saliho dhisik wis diwenehi.","Padahal sudah dikasih."
"Tratag dinggo pentas.","Panggung untuk pentas."
"Belabag iku dawa.","Papan itu panjang."
"Wejek jeruk iku.","Peras jeruk itu."
"Kebes geni iku.","Padam api itu."
"Nai isun gelem melu.","Paling-paling saya mau ikut."
"Seru temenan omongane.","Paling sekali ucapannya."
"Ngyampung pari ring sawah.","Panen padi di sawah."
"LarÃ©, Ndoh, pek, thulik.","Panggilan pasaran, Dab (Jogja), Rek (Surabaya)."
"Kuthung sikile lare iku.","Patah kakinya anak itu."
"Ukuryane riko wis ngerti.","Pastinya kamu sudah tahu."
"Kacangan atine lare iku.","Penakut hati anak itu."
"Desok kaleng iku.","Peyot kaleng itu."
"Jelekong kaleng iku.","Peyot ke bawah kaleng itu."
"Bencah gelas iku.","Pecah gelas itu."
"Sewelan kaca iku.","Pecah berkeping-keping kaca itu."
"Dywhoss penampilane.","Penampilan yang kumuh."
"Mamblegk banyu ring ember.","Penuh air di ember."
"Penyar pikiran isun.","Pikiran jadi plong saya."
"Lading dinggo motong.","Pisau untuk memotong."
"Boding dinggo nebang.","Parang untuk menebang."
"Sale, gedhang goreng sabun.","Pisang selai, pisang goreng sabun."
"Pethal piring iku.","Pisah/pecah piring itu."
"Rumyatan pitik iku.","Peliharaan ayam itu."
"Juwyari atine lare iku.","Percaya diri hati anak itu."
"Edheng-edheng ae mlaku.","Pelan-pelan saja jalan."
"Kekeb dinggo nutup masakan.","Penutup masakan (terbuat dari tanah) untuk menutup masakan."
"Gyati marang wong tuwek.","Perhatian kepada orang tua."
"Ibukeno solong lare ikau.","Perhatikan dulu anak itu."
"Melid temenan wong iku.","Pelit sekali orang itu."
"Kumed temenan wong iku.","Pelit sekali orang itu."
"Pesantikan keris iku.","Pegangan senjata keris itu."
"Kawitan isun teko.","Pertama saya datang."
"Getap atine lare iku.","Penakut hati anak itu."
"Candhak tangan isun.","Pegang tangan saya."
"Senuk iku teko.","PSK itu datang."
"Sunggrak dinggo jebakan.","Perangkap duri besar untuk jebakan."
"Gebros awak isun.","Pukul pakai barang yang tidak membahayakan badan saya."
"Sampat lare iku.","Pukul pakai kayu anak itu."
"Mbongkok wit iku.","Pukul pakai kayu daun kelapa pohon itu."
"Jhemethot pukulan iku.","Pukulan telak itu."
"Jhemekok sikile lare iku.","Terkena telak (karena jatuh, pukulan) kakinya anak itu."
"Suwing tali iku.","Putus tali itu."
"Unyeng-unyeng kepala isun.","Putar-putar kepala saya."
"Lenged seru kipas iku.","Putar kencang sekali kipas itu."
"Ipek-ipek lare iku.","Putar di tempat (orang) anak itu."
"Campleng gawean iki.","Putus/selesai pekerjaan ini."
"Towok isun madhang.","Puas/berulang kali saya makan."
"Boyokk isun loro.","Punggung saya sakit."
"Munyer kepala isun.","Pusing kepala saya."
"Sangkrah bambu iku.","Ranting bambu itu."
"Mang-mangen atine.","Ragu-ragu hatinya."
"Royak wong-wong ring pasar.","Ramai/ricuh orang-orang di pasar."
"Gomprang swarane.","Ribut suaranya."
"Kerahang wong iku madhang.","Rakus orang itu makan."
"Byangsong temenan wong iku.","Rakus sekali orang itu."
"Rotok lemah iku.","Rata tanah itu."
"Mrongkol dalan iku.","Tidak rata jalan itu."
"Bengkah kaca iku.","Retak kaca itu."
"Suwek klambi iku.","Robek baju itu."
"Bugreh umah iku.","Rombak rumah itu."
"Njepopor wajahe lare iku.","Rusak (wajah) wajahnya anak itu."
"Berrek sepatu iku.","Rusak sampai berair sepatu itu."
"Galir gawean iku.","Rusak pekerjaan itu."
"Lekrekan mobil iku.","Rusak parah mobil itu."
"Umyah isun cilik.","Rumah saya kecil."
"Byalek dinggo nampa tamu.","Ruang tamu untuk menerima tamu."
"Pawon dinggo masak.","Ruang dapur untuk masak."
"Epek dinggo ngencengi kathok.","Sabuk untuk mengencangkan celana."
"Beloko ae.","Saja saja."
"Serang atine wong iku.","Saking hatinya orang itu."
"Kebabyas isun ring dalan.","Salah jalan saya di jalan."
"Taker umah riko.","Sampai rumah kamu."
"Gadug isun menyang Jakarta.","Sampai tujuan saya pergi ke Jakarta."
"Deketan ring plataran.","Sampah di halaman."
"Pengasihan dinggo narik perhatian.","Santet untuk menarik perhatian."
"Tenung/sihir dinggo nyelakai wong.","Tenung/sihir magis hitam (versi Osing) untuk mencelakai orang."
"Sowok dinggo ngobati.","Sowok magis putih untuk mengobati."
"Kari ayu lare iku.","Sangat cantik anak itu."
"Sawen ijo seru.","Sawi hijau sekali."
"Isun seneng karo riko.","Saya suka dengan kamu."
"Lamat-lamat suwara adzan.","Sayup-sayup suara azan."
"Serwiwi pitik iku dawa.","Sayap ayam itu panjang."
"Eman barang iki dibuwang.","Sayang barang ini dibuang."
"Welas isun marang riko.","Sayang (cinta) saya kepadamu."
"Jangan asem seger seru.","Sayur asam segar sekali."
"Jangan tombol iku enak seru.","Sayur nangka itu enak sekali."
"Jangan lerobyan iku seger seru.","Sayur dari belondo itu segar sekali."
"Slorogyan dinggo nyimpen barang.","Laci untuk menyimpan barang."
"Sleregyan pintu iku.","Slide pintu itu."
"Sarang udan.","Sarang mencegah hujan."
"Suggyal lare iku dolanan.","Bertingkah liar anak itu bermain."
"Keronto-ronto atine wong iku.","Sedih sekali hati orang itu."
"Sakpantaran karo kanca lawas.","Sebaya dengan teman lama."
"Berane isun arep mulih.","Sebenarnya saya mau pulang."
"Ered barang iki.","Seret barang ini."
"Tumyan ngopi saben dina.","Sering/kebiasaan minum kopi setiap hari."
"Aron awak isun.","Sembuh badan saya."
"Semembrung bau kembang melati.","Semerbak bau bunga melati."
"Dewek isun ring umah.","Sendiri saya di rumah."
"Byangete lare iku teko.","Sedang/pas lagi anak itu datang."
"Pati isun teko ring kene.","Sering saya datang di sini."
"Dewekan isun ring umah.","Sendirian saya di rumah."
"Ancik-ancikan wong loro iku.","Bersenggama orang dua itu."
"Unyik lambene lare iku.","Senyum bibirnya anak itu."
"Sengidyan lare iku.","Sembunyi anak itu."
"Sengidyakaken duwit iku.","Sembunyikan uang itu."
"Mugi-mugi riko sehat.","Semoga kamu sehat."
"Sakat wingi isun ring kene.","Sejak/semenjak kemarin saya di sini."
"Bera-i karo karepe.","Sesuai dengan keinginannya."
"Gedigenan tingkahe lare iku.","Seperti ini tingkahnya anak itu."
"Gedigonan tingkahe lare iku.","Seperti itu tingkahnya anak itu."
"Serepet atine wong iku.","Setengah gila hati orang itu."
"Sopo arane riko?","Siapa nama kamu?"
"Cawisaken panganan.","Siapakan makanan."
"Abede lare iku apik seru.","Sikap/tingkah anak itu baik sekali."
"Abed iro! Kaser temenan.","Sikapmu! Kasar sekali."
"Kedhapen moto isun.","Silau mata saya."
"Ulap srengenge iki.","Silau matahari ini."
"Garu rambute lare iku.","Sisir rambut anak itu."
"Garuan rambute lare iku.","Sedang menyisir rambut anak itu."
"Nongko londo iku enak seru.","Sirsak itu enak sekali."
"Wis rampung gawean iki.","Sudah selesai pekerjaan ini."
"Tembyeler barang-barang ring umah.","Suka taruh barang sembarangan barang-barang di rumah."
"Bongak klambi iku.","Sobek menganga baju itu."
"Sibrak kertas iku.","Sobek jadi dua kertas itu."
"Guwang sendale.","Sompel sandalnya."
"Gathak atine wong iku.","Sombong hatinya orang itu."
"Anggak atine wong iku.","Sombong hati orang itu."
"Gemerubyas suwara wit ambruk.","Suara jatuh dengan tiba-tiba suara pohon tumbang."
"Gemerosak suwara bledheg.","Suara mengagetkan yang tiba-tiba suara petir."
"Awean wong iku.","Suka memberi orang itu."
"Gromyoh wong iku.","Supel orang itu."
"Landhep lading iku.","Tajam pisau itu."
"Ondok umah iku dhuwur seru.","Tangga rumah itu tinggi sekali."
"Tap lemah iku.","Tata tanah itu."
"Taping isun durung siap.","Tetapi saya belum siap."
"Muko isun teko.","Tadi saya datang."
"Kerahang wong iku madhang.","Tamak/rakus orang itu makan."
"Tempeleng lare iku.","Tampar anak itu."
"Enthal-enthul tangane.","Tangan kosong tangannya."
"Janjang kembang iku.","Tangkai bunga itu."
"Cenceng duwit iku.","Tanda jadi uang itu."
"Anyeng tali iku.","Tarik tali itu."
"Ampred barang iku.","Tarik dengan paksa barang itu."
"Anyeng-anyengan lare iku.","Tarik-tarikan anak itu."
"Mentolo isun ninggal riko.","Tega saya meninggalkan kamu."
"Kauk-kauk lare iku.","Teriak-teriak anak itu."
"Temakno riko wis teko.","Ternyata kamu sudah datang."
"Byarak seru srengenge.","Terang sekali matahari."
"Terimo kasih.","Terima kasih."
"Trimo ya lik.","Terima kasih nak."
"Tanduk bola iku.","Tendang bola itu."
"Jemethot bal iku.","Telak bola itu."
"Gemerubyas wit iku.","Tumbang pohon itu."
"Namin isun durung siap.","Tetapi saya belum siap."
"Kepeles atine wong iku.","Tertipu malu hati orang itu."
"Berak-berak lare iku.","Teriak-teriak anak itu."
"Jhodhogh dinggo lungguh.","Tempat duduk pendek di tanah untuk duduk."
"Moto walangen lare iku.","Terbelalak matanya anak itu."
"Ngidit lare iku.","Terbirit-birit anak itu."
"Terbas mangsa iku.","Terkam mangsa itu."
"Keloyong-loyong wong iku.","Tergila-gila orang itu."
"Temencog lare iku.","Terjun anak itu."
"Cumpune riko arep melu.","Ternyata (seumpama) kamu mau ikut."
"Mandaneo riko gelem melu.","Ternyata (masih) kamu mau ikut."
"Ladhak wong iku.","Teguh pendirian tanpa kompromi orang itu."
"Kebelandur lare iku.","Terpeleset anak itu."
"Kejelowok lare iku.","Terperosok anak itu."
"Kejerongkong lare iku.","Terperosok anak itu."
"Bebres sikile lare iku.","Tergores kakinya anak itu."
"Melethuk bola iku.","Terlempar bola itu."
"Ambek-ambekaneo omongane.","Terlalu ucapannya."
"Sowok, sihir dinggo nyelakai.","Teluh untuk mencelakai."
"Merkingking godhong iku.","Terlalu kering daun itu."
"Kobokan dinggo ngumbah tangan.","Tempat cuci tangan."
"Paran jare riko ae.","Terserah kamu saja."
"Cekakakan lare iku.","Terbahak-bahak anak itu."
"Monyik lambene lare iku.","Tersenyum bibirnya anak itu."
"Wes kadhung isun ninggal.","Terlanjur saya meninggalkan."
"Mbyangkang lare iku.","Telanjang anak itu."
"Mbyangkang kelenthang lare iku.","Telanjang bulat anak itu."
"Jebeg dinggo nggiling bumbu.","Tempat u/ menggiling bumbu yang terbuat dari batu."
"Canthuk dinggo nggiling.","Alat untuk menggiling."
"Lebuh ring pinggir dalan.","Tempat sampah umum di pinggir jalan."
"Jodog dinggo lungguh.","Tempat duduk pendek/dingklik untuk duduk."
"Kesanggleg klambine.","Tersangkut bajunya."
"Nyanggleg klambine.","Nyangku bajunya."
"Bintrong dinggo banyu.","Tempat minuman/gelas yg terbuat dari besi/almunium yg ukurannya lebih besar dari gelas biasanya untuk air."
"Kapiliro wong iku.","Tersiksa orang itu."
"Keronto-ronto atine wong iku.","Tersiksa hati orang itu."
"Protongan lare iku.","Terkejut dan salah tingkah anak itu."
"Kebeselek lare iku.","Tersedak anak itu."
"Kantru-kantru atine.","Teringat/termenung hatinya."
"Gemuyu lare iku.","Tertawa anak itu."
"Kekel lare iku.","Tertawa terpingkal-pingkal anak itu."
"Ngonsrong lare iku.","Terengah-engah anak itu."
"Keli barang iku.","Terseret barang itu."
"Moro-moro udan.","Tiba-tiba hujan."
"Omes-omes atine wong iku.","Tidak sabar (senang) hatinya orang itu."
"Lebyak medekul dalan iku.","Tidak rata jalan itu."
"Osing isun ngerti.","Tidak saya tahu."
"Bengok lare iku.","Tidak tahu apa-apa anak itu."
"Madak paran-paran.","Tidak apa-apa."
"Heng endo-endo tingkahe.","Tidak bagus (tidak semestinya) tingkahnya."
"Ngewod lare iku.","Tidak bisa diam anak itu."
"Nono duwit isun.","Tidak ada uang saya."
"Reged ati iku.","Tidak suka, muak hati itu."
"Emong isun melu.","Tidak mau saya ikut."
"Cengkal lare iku diwenehi ngerti.","Tidak mau dikasih tahu anak itu."
"Camah rasane panganan iki.","Tidak khas lagi rasanya makanan ini."
"Rempi awak isun.","Tidak kuat badan saya."
"Kari isun dewek.","Tinggal saya sendiri."
"Tujes maling iku.","Tikam maling itu."
"Nyalingo hiro.","Tidak percaya kamu."
"Ontong gedhang iku.","Tongkol pisang itu."
"Nggelinting isun ring amben.","Tiduran saya di kasur."
"Gumbleng kupinge.","Tuli sesaat telinganya."
"Nekek wong iku.","Tua sekali orang itu."
"Neb lawang iku.","Tutup (u/ pintu atau jendela) pintu itu."
"Geblugh lading iku.","Tumpul pisau itu."
"Semprong geni iku.","Tiup api itu."
"Yotro isun akeh seru.","Uang saya banyak sekali."
"Sawi iku enak seru.","Ubi kayu itu enak sekali."
"Sabrang iku legi seru.","Ubi jalar itu manis sekali."
"Kanggo riko kabeh.","Untuk kamu semua."
"Getak asu iku.","Usir (binatang) anjing itu."
"Luwas klambi iku.","Usang baju itu."
"Kathik ae.","Usah saja."
"Cumpune riko wis ngerti.","Umpama kamu sudah tahu."
"Dak riko gelem melu.","Umpama kamu mau ikut."
"Mursal wong iku.","Ugal-ugalan orang itu."
"Ulog iku medeni.","Ular itu menakutkan."
"Kerawu kangkung iku enak seru.","Urap kangkung itu enak sekali."
"Celleng omongane wong iku.","Umpat/misuh ucapannya orang itu."
"Wadon iku ayu seru.","Wanita itu cantik sekali."
"Byek! Kaget isun.","Wah! Kaget saya."
"Boros! Pinter temenan riko.","Wah! Pintar sekali kamu."
"Wayah udan.","Waktu hujan."
"Korep wajahe lare iku.","Wajah kotor (karena baru bangun tidur) wajahnya anak itu."
"Mupakat ae.","Wajar saja."
"Masio udan, isun tetep budhal.","Walau hujan, saya tetap berangkat."
"Praenan riko ayu seru.","Wajah kamu cantik sekali."
"Amening-amenning ae.","Waspada-waspada saja."
"Kang isun seneng karo riko.","Yang saya suka dengan kamu."
"Yok, isun melu.","Ya, saya ikut."
"Paran maning hang arep diomongaken?","Apalagi yang mau diucapkan?"
"Paceke isun teko ring kene.","Acap kali saya datang ke sini."
"Anggul-anggul ae omongane.","Alasan saja ucapannya."
"Ono paran ring umah?","Ada apa di rumah?"
"Ono paran ring kono?","Ada apa di sana?"
"Bombong manuk iku.","Adu burung itu."
"Myakne riko seneng.","Agar supaya kamu senang."
"Byanyu mili deres.","Air mengalir deras."
"Belabur banyu kali.","Air meluap (deras) air sungai."
"Arep nang endi riko?","Akan ke mana kamu?"
"Isun seneng karo riko.","Aku suka dengan kamu."
"Wawuh isun karo wong iku.","Akrab/kenal saya dengan orang itu."
"Odod wit iku dawa.","Akar pohon itu panjang."
"Wuruk kang becik.","Ajaran yang baik."
"Ampet barang iku.","Ambil barang itu."
"Gedhoh kopi.","Ampas kopi."
"Imuk lare iku.","Amuk anak itu."
"Lare iku pinter.","Anak/pemuda itu pintar."
"Sak majase ae.","Apa adanya saja."
"Thulik iku nakal.","Anak laki-laki itu nakal."
"Jebeng iku ayu.","Anak perempuan itu cantik."
"Lare buru sore iku polos.","Anak yang belum tahu apa-apa/hijau itu polos."
"Ancas isun marang riko.","Ancam saya kepadamu."
"Riko arep nang endi?","Anda mau ke mana?"
"Ndiko arep ngunjuk teh?","Anda (yg di hormati) mau minum teh?"
"Mungguo riko teko.","Andai kamu datang."
"Waled daginge.","Alot dagingnya."
"Paran hang dikarepaken?","Apa yang diinginkan?"
"Jajang dinggo pagar.","Bambu untuk pagar."
"Kepos klambine.","Basah bajunya."
"Kelumus klambine.","Basah kuyup bajunya."
"Larad maning pikiran isun.","Bablas lagi pikiran saya."
"Gyalapan jaran.","Balapan kuda."
"Opor-oporan ring pantai.","Bakar-bakaran di pantai."
"Banguryan tuku sing anyar.","Bagusan beli yang baru."
"Kelendhi carane?","Bagaimana caranya?"
"Talar omongan iku.","Bantah omongan itu."
"Byapak isun gagah.","Bapak saya gagah."
"Merujuk wit kembang.","Baru tumbuh pohon bunga."
"Beledhus baune.","Bau badan yg tak sedap."
"Ngeloyong ring kolam.","Berenang di kolam."
"Mencorot srengenge.","Bersinar matahari."
"Melayu lare iku.","Berlari anak itu."
"Merujuk wit jambu.","Bertunas pohon jambu."
"Wel-welan wong ring pasar.","Berdesak-desakan orang di pasar."
"Junggrang wit klapa.","Besar tinggi pohon kelapa."
"Makne riko ngerti.","Biar kamu tahu."
"Genengno ae.","Biarkan saja."
"Memengan lare iku.","Bermain anak itu."
"Lenged kipas angin.","Berputar kencang sekali kipas angin."
"Ngontreng ban mobil.","Berputar-putar lepas kendali ban mobil."
"Kening banyu sumur.","Bening air sumur."
"Bik isun teko.","Bibi saya datang."
"Jedhor bedug masjid.","Bedug masjid."
"Gedigi carane ngomong.","Begini caranya berbicara."
"Gedigu hang diomongaken.","Begitu yang diucapkan."
"Angas nyaline.","Berani sekali nyalinya."
"Abot beban iki.","Berat beban ini."
"Mubyar intan permata.","Berkilauan/bercahaya intan permata."
"Wanen atine.","Berani hatinya."
"Gedhig umahe.","Besar rumahnya."
"Seru temenan omongan iku.","Betul-betul sekali omongan itu."
"Wanenan atine.","Beranian hatinya."
"Mbenu lare iku.","Bandel anak itu."
"Cengkal lare iku.","Bandel/ngeyel anak itu."
"Gujreh mulute.","Belepotan dimulutnya."
"Ngempos bis.","Berhenti bis."
"Sarehne udan.","Berhubung hujan."
"Pernah ring kene.","Betah di sini."
"Pecak sikile.","Bekas kakinya."
"Kempol sikile.","Betis kakinya."
"Mernahi ati.","Bikin betah hati."
"Celathu makne.","Bicara/marah ibunya."
"Blambyangan tanah kelairanku.","Blambangan tanah kelahiranku."
"Gubab janjine.","Bohong janjinya."
"Lencur sekolah.","Bolos sekolah."
"Wuwunyan umah.","Bubungan rumah."
"Mingis lawange.","Buka sedikit pintunya."
"Jemblang lawange.","Buka lebar-lebar pintunya."
"Ulan nduweni cahya.","Bulan memiliki cahaya."
"Kembang sepatu.","Bunga sepatu."
"Bongol atine.","Bodoh hatinya."
"Belog pikirane.","Bodoh sekali pikirannya."
"Dongong wong iku.","Bodoh dan pelupa orang itu."
"Engekno lawang.","Bukakan pintu."
"Bliyak lawang.","Buka pintu."
"Buyang sampah.","Buang sampah."
"Puthuk gunung.","Bukit gunung."
"Cengkir kelapa muda.","Buah kelapa yg masih sangat muda."
"Gopoh mlaku.","Buru-buru/tergopoh-gopoh jalan."
"Cerret!","Busyett!"
"Nagud oro!","Busyeet dah!"
"Celleng oro!","Busyet!"
"Golek iwak.","Cari ikan."
"Golekeno banyu.","Carikan air."
"Gancang mlaku.","Cepat jalan."
"Gromyoh atine.","Ceria hatinya."
"Ampah kerjane.","Ceroboh kerjanya."
"Dekok lemah.","Cekung/menjorok kedalam tanah."
"Perdang-perding lare iku.","Celingukan anak itu."
"Cupar wong iku.","Cemburu orang itu."
"Sigunen isun.","Cigukan saya."
"Ambung kembang.","Cium bunga."
"Ngambung tangan.","Mencium tangan."
"Gelang alit iki.","Cincin ini."
"Demen isun.","Cinta saya."
"Erus dinggo jangan.","Ciduk sayur."
"Acake dhisik.","Coba dulu."
"Tulodho kang becik.","Contoh yang baik."
"Doyong wit iku.","Condong pohon itu."
"Mung siji.","Cuma satu."
"Ketimbyang nangis.","Dari pada menangis."
"Digenengaken ae.","Dibiarkan saja."
"Parek umah isun.","Dekat rumah saya."
"Di apeni isun.","Di bohongi saya."
"Ndumpak lawang.","Depak,sepak,terjang pintu."
"Kambi sapa.","Dengan siapa."
"Takal-takalan nggolek duwit.","Dengan segala upaya mencari uang."
"Ring umah.","Di rumah."
"Di uwel makne.","Di marahi ibunya."
"Digowo ae.","Dibawa saja."
"Diterak mobil.","Dibawa dan terseret mobil."
"Diered lemah.","Diseret tanah."
"Longan ring ngisor amben.","Di bawah tempat tidur."
"Nclob iwak.","Dimasukkan ke air ikan."
"Yane wis teko.","Dia sudah datang."
"Bengen isun cilik.","Dulu(waktu) saya kecil."
"Wingek isun teko.","Dulu sekali saya datang."
"Sulung isun mangkat.","Duluan saya berangkat."
"Embuh arep nang endi.","Entah mau ke mana."
"Alung mangan bakso.","Enakan makan bakso."
"Ancang banyu.","Encer air."
"Sungkan mangkat.","Enggan berangkat."
"Amperu loro.","Empedu sakit."
"Bukung buntute kucing.","Ekor terpotong ekor kucing."
"Kecoh omongane.","Fasih /jelas ucapannya."
"Ganjur dawa.","Galah panjang."
"Sengget wit.","Galah pohon."
"Genten isun.","Ganti saya."
"Gentenan nyapu.","Gantian menyapu."
"Abete riko.","Gayamu (Sifat/tingkah) kamu."
"Garit ring dalan.","Garis di jalan."
"Gredoan lare iku.","Gurau/merayu anak itu."
"Ongkeb awak.","Gerah/berkeringt badan."
"Ontrag wong-wong.","Gempar orang-orang."
"Jumbleng dalan.","Gelap jalan."
"Aclak omongane.","Gaya bicara yang ekspresif, dinamis, dan dramatis."
"Tatak atine.","Gigih hatinya."
"Patheng nyambut gawe.","Giat bekerja."
"Gurau isun.","Guru saya."
"Muyab temenan.","Gurau sekali."
"Nderini awak.","Gemetar badan."
"Gempung roti.","Gosong roti."
"Jibros rambute.","Gondrong dan kumal rambutnya."
"Lutrek umah.","Hancur rumah."
"Bebeng maling.","Hadang maling."
"Serantan ae.","Hati-hati/sabar saja."
"Mung riko.","Hanya kamu."
"Sait maling.","Hajar maling."
"Krutugh wong-wong.","Hajar beramai-ramai orang-orang."
"Ruces wong-wong.","Heboh orang-orang."
"Depani cobaan.","Hadapi cobaan."
"Cemeng kucing.","Hitam kucing."
"Nggelinseng wernane.","Hitam sekali warnanya."
"Gothang duwit.","Hilang sedikit uang."
"Mamut ae.","Hilang/pergi saja."
"Suloyo janjine.","Ingkar janjinya."
"Enget isun.","Ingat saya."
"Mak isun.","Ibu saya."
"Rabi isun.","Istri saya."
"Pakpok utange.","Impas hutangnya."
"Idek sikil.","Injak kaki."
"Gejroh lemah.","Injak dg keras (sengaja) tanah."
"Cancang tali.","Ikat tali."
"Inceng lare.","Intip anak."
"Kuryangen mangan.","Ingin Lagi makan."
"Dyalan sepi.","Jalan sepi."
"Nggeledrek sore.","Jalan-jalan keluar rumah sore."
"Driji isun loro.","Jari saya sakit."
"Temebluk saka wit.","Jatuh dari pohon."
"Cicir buah.","Jatuh dari atas buah."
"Keseliring isun.","Jatuh karena salah jalan saya."
"Kejiglang lare.","Jatuh tersandung/terpelosok anak."
"Ugo isun melu.","Juga saya ikut."
"Tibo kesereb.","Jatuh tertelungkup."
"Kawus isun.","Jera saya."
"Papag lare.","Jemput anak."
"Ojo papak isun teko.","Jangankan saya datang."
"Ngelepek lare.","Jalan jalan tak menentu anak."
"Sontok maling.","Jotos maling."
"Carok isun.","Jumpa saya."
"Perkul dinggo nebang.","Kampak untuk menebang."
"Siro arep nang endi?","Kamu mau ke mana?"
"Kekok tangane.","Kaku tangannya."
"Ngelencur tim.","Kalah sebelum bertanding tim."
"Tasemak dinggo moto.","Kacamata untuk mata."
"Kang isun pinter.","Kakak laki2 saya pintar."
"Mbok isun ayu.","Kakak perempuan saya cantik."
"Kang ilik nakal.","Kakak yang masih kecil nakal."
"Polae udan.","Karena hujan."
"Kepilis wong iku.","Kisinan orang itu."
"Kagum isun.","Kagum saya."
"Kadung riko teko.","Kalau kamu datang."
"Kalah cacak menang apruo.","Kalah menang urusan belakang."
"Kakik isun sepuh.","Kakek saya tua."
"Welas asih.","Kasih, sayang."
"Hun tanggo riko.","Kira saya kamu."
"Wingyenanek isun teko.","Kemarin saya datang."
"Apuo nangis?","Kenapa menangis?"
"Keneng musibah.","Kena musibah."
"Gegeten lare iku.","Ketakutan sekali(terkejut) anak itu."
"Kuryangen madhang.","Ketagihan makan."
"Rencek barang iku.","Kecil/ringan barang itu."
"Kecobo riko.","Kecuali kamu."
"Bucur kepalane.","Kepala yg berdarah kepalanya."
"Kimbyang-kimbyang banyu.","Kebanyakan air."
"Mongod-mongod isun.","Kenyang/puas sekali saya."
"Tuwuk isun.","Kenyang ,sering,puas saya."
"Kenthel kopi.","Kental kopi."
"Wangkot wong iku.","Keras kepala orang itu."
"Karipan tangi.","Kesiangan/kurang tidur bangun."
"Getuh banyu.","Keruh air."
"Kecaruk isun.","Ketemu saya."
"Keseron-seron omongane.","Keterlaluan ucapannya."
"Kejolok banyu.","Kebanyakan air."
"Umyan panganan.","Kebagian makanan."
"Reki rambute.","Ketombe rambutnya."
"Atos kayu.","Keras/alot kayu."
"Ilir kipas.","Kipas."
"Ilir-ilir lare.","Kipas-kipas anak."
"Kenyab lare.","Konyol anak."
"Kenci awak.","Kurus badan."
"Tatag atine.","Kuat hatinya."
"Pethekel badane.","Kuat,gagah,berotot badannya."
"Penging lare.","Larang anak."
"Uwel lare.","Larang /marah anak."
"Di uwel makne.","Dilarang dgn marah2 ibunya."
"Lesuh awak.","Letoy ,lemas badan."
"Anguryan mangan.","Lebih baik makan."
"Maning duwit.","Lagi uang."
"Lawas ngenteni.","Lama menunggu."
"Luwas klambi.","Lama/usang baju."
"Gyaros dodolan.","Laris jualan."
"Dyamar lampu.","Lampu."
"Dyamar telempek.","Lampu lentera."
"Lancing iku.","Lelaki belum menikah itu."
"Coplok sepatune.","Lepas sepatunya."
"Jangged lem.","Lengket lem."
"Wero plataran.","Luas halaman."
"Jelowokan lemah.","Lubang kecil tanah."
"Juglangan lemah.","Lubang besar tanah."
"Genjur buah.","Lunak sekali buah."
"Borok sikil.","Luka /infeksi kaki."
"Belethok dalan.","Lumpur jalan."
"Lunyau dalan.","Licin jalan."
"Semat dinggo nyulut.","Lidi untuk menyulut."
"Liwyat isun.","Lewat saya."
"Delengen tah kembang.","Lihatlah bunga."
"Mlencung lare.","Lompat anak."
"Lucau tingkahe.","Lucu tingkahnya."
"Lodhong riko.","Mampus kamu."
"Lodhong iro.","Mampus kau."
"Endane riko teko?","Masak ?(kaget) kamu datang?"
"Using tah riko melu?","Masak iya?( Kaget ) kamu ikut?"
"Kesemek-kesemek rasane.","Mantap sekali rasanya."
"Kebes geni.","Matikan(tiup) api."
"Gemulyak banyu.","Mendidih air."
"Kenyab lare.","Mempermainkan yang lebih tua anak."
"Masio udan.","Meskipun hujan."
"Setalangan ono paran.","Memang ada apa."
"Aluk tuku.","Mendingan beli."
"Memengan lare.","Main-main anak."
"Lodhok duwit.","Memasukkan sesuatu kelobang uang."
"Gumbleng kuping.","Memekakkan telinga."
"Madhyang isun.","Makan saya."
"Endyane?","Masak?"
"Using tah?","Masak ?"
"Magih isun.","Masih saya."
"Moto isun.","Mata saya."
"Kenyes-kenyes rasane.","Menggairahkan rasanya."
"Melengon isun.","Menghiraukan /mengindahkan saya."
"Caring awak.","Menjemur badan biar kering badan."
"Ongkal lading.","Mengasah pisau."
"Heng melengon.","Tidak menghiraukan."
"Bingkak atine.","Menyamakan/tidak membeda-bedakan (terkesan tidak sopan) hatinya."
"Muronai minuman.","Menyebabkan mabok minuman."
"Apuwo nangis?","Mengapa menangis?"
"Melekintheng ulog.","Melingkar ular."
"Ndol tingkahe.","Menggelikan/memuakkan tingkahnya."
"Mancad lemah.","Menginjak tanah."
"Sait musuh.","Melepaskan serangan tangan musuh."
"Meledos ban.","Meletus ban."
"Ngambul lare.","Merajuk anak."
"Kapuronto wernane.","Merah muda warnanya."
"Ngambulan lare.","Suka merajuk anak."
"Mberanang wajahe.","Merona wajahnya."
"Kimples klambine.","Menyusut bajunya."
"Tedyas mantra.","Mempan mantra."
"Mungkasai gawean.","Menyelesaikan pekerjaan."
"Mungub gunung.","Menyembul gunung."
"Puges wit.","Memanggal pohon."
"Gebros awak.","Membersihkan /memukul ke badan dg alat yg tdk membahayakan badan."
"Sabrang kali.","Menyebrang sungai."
"Bongko pitik.","Mati(kasar) ayam."
"Uneg-unegen isun.","Malas makan karena aromanya saya."
"Bojog iku.","Monyet itu."
"Tempong mulute.","Mulut yang ditampar mulutnya."
"Luwyak iku.","Musang itu."
"Emok atine.","Marah gak menentu hatinya."
"Moreng atine.","Marah hatinya."
"Lengo gas.","Minyak tanah."
"Meloncrot banyu.","Muncrat air."
"Melekok isun.","Muntah saya."
"Katon wajahe.","Nampak wajahnya."
"Embyah isun.","Nenek saya."
"Mbenu lare.","Nakal anak."
"Tuwyas isun teko.","Nanti malah saya datang."
"Aran isun.","Nama saya."
"Gurih masakan.","Nikmat masakan."
"Sokheh rasane.","Nikmat sekali rasanya."
"Mernahi ati.","Nyaman hati."
"Gyayab atine.","Nafsu sekali,semangat hatinya."
"Ningguli sampah.","Nutupi sampah."
"Ketinggulyan duwit.","Ketutupan uang."
"Boreh minyak.","Oles minyak."
"Lare iku.","Orang itu."
"Wong Osing iku.","Orang Osing itu."
"Wong tuwyek iku.","Orangtua itu."
"Emong isun.","Ogah saya."
"Sir-siran iku.","Pacar itu."
"Byakalan lare.","Pacaran anak."
"Pokang sikil.","Paha kaki."
"Lilo isun.","Pasrah saya."
"Lilakeno atine.","Pasrahkan hatinya."
"Mongko dhisik.","Padahal dulu."
"Tratag dinggo pentas.","Panggung untuk pentas."
"Wejek jeruk.","Peras jeruk."
"Kebes geni.","Padam api."
"Nai isun gelem.","Paling-paling saya mau."
"Seru omongane.","Paling sekali omongannya."
"Ngyampung pari.","Panen padi."
"LarÃ©, Ndoh, pek, thulin.","Panggilan pasaran ,Dab(jogja) , Rek (surabaya)."
"Ukuryane riko ngerti.","Pastinya kamu tahu."
"Kacangan atine.","Penakut hatinya."
"Dywhoss penampilane.","Penampilan yg kumuh."
"Penyar pikiran.","Pikiran jadi plong."
"Lading dinggo motong.","Pisau untuk memotong."
"Boding dinggo nebang.","Parang untuk menebang."
"Sale, gedhang goreng sabun.","Pisang selai, pisang goreng sabun."
"Pethal piring.","Pisah/pecah piring."
"Rumyatan pitik.","Peliharaan ayam."
"Juwyari atine.","Percaya diri hatinya."
"Edheng-edheng mlaku.","Plan-pelan jalan."
"Gyati marang wong tuwek.","Perhatian kepada orang tua."
"Ibukeno solong lare ikau.","Perhatikan dulu anak itu."
"Melid wong iku.","Pelit orang itu."
"Kumed wong iku.","Pelit sekali orang itu."
"Pesantikan keris.","Pegangan senjata keris."
"Kawitan isun teko.","Pertama saya datang."
"Getap atine.","Penakut hatinya."
"Candhak tangan.","Pegang tangan."
"Senuk iku.","PSK itu."
"Sunggrak dinggo jebakan.","Perangkap duri besar untuk jebakan."
"Gebros awak.","Pukul pakai barang yg tdk membahayakan badan."
"Sampat lare.","Pukul pakai kayu anak."
"Mbongkok wit.","Pukul pakai kayu daun kelapa pohon."
"Suwing tali.","Putus tali."
"Campleng gawean.","Putus /Selesai pekerjaan."
"Towok isun.","Puas / berulang kali saya."
"Boyokk isun loro.","Punggung saya sakit."
"Munyer kepala.","Pusing kepala."
"Sangkrah bambu.","Ranting bambu."
"Mang-mangen atine.","Ragu-ragu hatinya."
"Royak wong-wong.","Ramai /ricuh orang-orang."
"Kerahang wong iku.","Rakus orang itu."
"Byangsong wong iku.","Rakus sekali orang itu."
"Bengkah kaca.","Retak kaca."
"Gomprang swarane.","Ribut suaranya."
"Suwek klambi.","Robek baju."
"Njepopor wajahe.","Rusak(wajah) wajahnya."
"Berrek sepatu.","Rusak sampai berair sepatu."
"Jebod barang.","Rusak barang."
"Lekrekan mobil.","Rusak parah mobil."
"Umyah isun.","Rumah saya."
"Byalek dinggo tamu.","Ruang tamu untuk tamu."
"Pawon dinggo masak.","Ruang dapur untuk masak."
"Beloko ae.","Saja saja."
"Serang atine.","Saking hatinya."
"Kebabyas isun.","Salah jalan saya."
"Taker umah.","Sampai rumah."
"Pengasihan dinggo narik.","Santet untuk menarik."
"Kari ayu lare iku.","Sangat cantik anak itu."
"Sawen ijo.","Sawi hijau."
"Isun seneng.","Saya suka."
"Lamat-lamat suwara.","Sayup-sayup suara."
"Serwiwi pitik.","Sayap ayam."
"Eman barang.","Sayang barang."
"Welas isun.","Sayang (cinta) saya."
"Jangan asem.","Sayur asam."
"Jangan tombol.","Sayur nangka."
"Jangan lerobyan.","Sayur dari belondo."
"Keronto-ronto atine.","Sedih sekali hatinya."
"Sakpantaran karo kanca.","Sebaya dengan teman."
"Ered barang.","Seret barang."
"Tumyan ngopi.","Sering/ Kebiasaan ngopi."
"Aron awak.","Sembuh badan."
"Semembrung bau.","Semerbak bau."
"Dewek isun.","Sendiri saya."
"Byangete lare teko.","Sedang/ pas lagi anak datang."
"Pati isun teko.","Sering saya datang."
"Dewekan isun.","Sendirian saya."
"Ancik-ancikan.","Bersenggama."
"Unyik lambene.","Senyum bibirnya."
"Mugi-mugi sehat.","Semoga sehat."
"Bera-i karo karep.","Sesuai dengan keinginan."
"Gedigenan tingkahe.","Seperti ini tingkahnya."
"Gedigonan tingkahe.","Seperti itu tingkahnya."
"Serepet atine.","Setengah gila hatinya."
"Sopo arane?","Siapa namanya?"
"Cawisaken panganan.","Siapakan makanan."
"Abede lare.","Sikap/tingkah anak."
"Abed iro.","Sikapmu kamu."
"Kedhapen moto.","Silau mata."
"Garu rambute.","Sisir rambut."
"Garuan rambute.","Sedang menyisir rambut."
"Nongko londo.","Sirsak."
"Wis rampung.","Sudah selesai."
"Tembyeler barang.","Suka taruh barang sembarangan."
"Bongak klambi.","Sobek menganga baju."
"Sibrak kertas.","Sobek jadi dua kertas."
"Guwang sendal.","Sompel sendal."
"Gathak atine.","Sombong hatinya."
"Gemerubyas swara.","Suara jatuh dengan tiba2."
"Gemerosak swara.","Suara mengagetkan yg tiba2."
"Awean wong iku.","Suka memberi orang itu."
"Landhep lading.","Tajam pisau."
"Ondok umah.","Tangga rumah."
"Taping isun.","Tetapi saya."
"Muko isun teko.","Tadi saya datang."
"Kerahang wong iku.","Tamak orang itu."
"Tempeleng lare.","Tampar anak."
"Janjang kembang.","Tangkai bunga."
"Anyeng tali.","Tarik tali."
"Ampred barang.","Tarik dengan paksa barang."
"Anyeng-anyengan.","Tarik-tarikan."
"Mentolo isun.","Tega saya."
"Berak lare.","Teriak anak."
"Cumpune riko.","Ternyata kamu."
"Byarak srengenge.","Terang sekali matahari."
"Tanduk bola.","Tendang bola."
"Gemerubyas wit.","Tumbang pohon."
"Berak-berak lare.","Teriak-teriak anak."
"Jhodhogh dinggo lungguh.","Tempat duduk pendek ditanah untuk duduk."
"Moto walangen.","Terbelalak matanya."
"Ngidit lare.","Terbirit-birit anak."
"Terbas mangsa.","Terkam mangsa."
"Keloyong-loyong.","Tergila-gila."
"Temencog lare.","Terjun anak."
"Ladhak wong iku.","Teguh pendirian tanpa kompromi orang itu."
"Kebelandur lare.","Terpeleset anak."
"Kejelowok lare.","Terperosok anak."
"Bebres sikil.","Tergores kaki."
"Sowok,sihir.","Teluh."
"Merkingking godhong.","Terlalu kering daun."
"Kobokan dinggo ngumbah.","Tempat cuci tangan untuk mencuci."
"Paran jare riko.","Terserah kamu."
"Cekakakan lare.","Terbahak-bahak anak."
"Monyek lambene.","Tersenyum bibirnya."
"WEs kadhung isun.","Terlanjur saya."
"Jebeg dinggo nggiling.","Tempat u/ menggiling bumbu yang terbuat dari batu."
"Canthuk dinggo nggiling.","Alat untuk menggiling."
"Lebuh ring dalan.","Tempat sampah umum di jalan."
"Jodog dinggo lungguh.","Tempat duduk pendek/dingklik untuk duduk."
"Kapiliro wong iku.","Tersiksa orang itu."
"Protongan lare.","Terkejut dan salah tingkah anak."
"Kebeselek lare.","Tersedak anak."
"Kantru-kantru atine.","Teringat/termenung hatinya."
"Gemuyu lare.","Tertawa anak."
"Kekel lare.","Tertawa terpingkal-pingkal anak."
"Ngonsrong lare.","Terengah-engah anak."
"Keli barang.","Terseret barang."
"Kepeles atine.","Tertipu malu hatinya."
"Moro-moro udan.","Tiba-tiba hujan."
"Lebyak medekul dalan.","Tidak rata jalan."
"Osing isun ngerti.","Tidak saya tahu."
"Bengok lare.","Tidak tahu apa-apa anak."
"Madak paran-paran.","Tidak apa-apa."
"Nono duwit.","Tidak ada uang."
"Emong isun.","Tidak mau saya."
"Camah rasane.","Tidak Khas lagi rasanya."
"Rempi awak.","Tidak kuat badan."
"Kari isun.","Tinggal saya."
"Tujes maling.","Tikam maling."
"Ontong gedhang.","Tongkol Pisang."
"Nggelinting isun.","Tiduran saya."
"Gumbleng kuping.","Tuli sesaat telinganya."
"Nekek wong iku.","Tua sekali orang itu."
"Geblugh lading.","Tumpul pisau."
"Semprong geni.","Tiup api."
"Yotro isun.","Uang saya."
"Sawai iku.","Ubi kayu itu."
"Sabrang iku.","Ubi jalar itu."
"Kanggo riko.","Untuk kamu."
"Luwas klambi.","Usang baju."
"Cumpune riko.","Umpama kamu."
"Mursal wong iku.","Ugal-ugalan orang itu."
"Ulog iku.","Ular itu."
"Kerawu kangkung.","Urap kangkung."
"Celleng omongane.","Umpat/misuh ucapannya."
"Wadon iku.","Wanita itu."
"Byek!","Wah!"
"Bebyek!","Wah!"
"Wayah udan.","Waktu hujan."
"Korep wajahe.","Wajah kotor(karena baru bangun tidur )."
"Mupakat ae.","Wajar saja."
"Masio udan.","Walau hujan."
"Praenan riko.","Wajah kamu."
"Amening-amenning ae.","Waspada-waspada saja."
"Kang isun seneng.","Yang saya suka."
"Yok, isun melu.","Ya, saya ikut."
"Abero iki.","Coba ini."
"Abede lare.","Sikap, Tingkah anak."
"Abed iro.","Sikapmu kamu."
"Abete riko.","Gayamu, Sifatmu, Tingkahmu kamu."
"Abot beban.","Berat beban."
"Aboti isun.","Beratkan, Bela, Sukai saya."
"Acake dhisik.","Coba dulu."
"Aclak omongane.","Gaya bicara yang ekspresif, dinamis, dan dramatis."
"Adoh umahe.","Jauh rumahnya."
"Adohi wong iku.","Di Jauhi orang itu."
"Adung riko teko.","Kalau, Jika kamu datang."
"Alit lare.","Kecil anak."
"Aluk mangan.","Mendingan makan."
"Alung mangan.","Enakan makan."
"Ambai dalan.","Lalui, Lewati jalan."
"Ambekan dawa.","Nafas, Bernafas panjang."
"Ambekane alus.","Nafasnya halus."
"Amung siji.","Hanya, Cuma satu."
"Ampred tali.","Tarik dengan paksa tali."
"Ancik-ancikan.","Senggama."
"Angen-angen.","Angan, Bayang."
"Angenan isun.","Angan angan saya."
"Anyeng tali.","Tarik tali."
"Anyeng anyengan lare.","Tarik tarikan anak."
"Ambekno udan.","Walau, Meski, Walaupun, Meskipun hujan."
"Ambi sapa.","Dengan siapa."
"Ambung kembang.","Cium bunga."
"Amening-amenning.","Waspada."
"Amergo udan.","Karena, Sebab hujan."
"Amperu loro.","Empedu sakit."
"Ampet barang.","Ambil barang."
"Ampah kerjane.","Ceroboh kerjanya."
"Ancas isun.","Ancam saya."
"Ancang banyu.","Encer air."
"Ancik ancikan.","Bersenggama."
"Angas nyaline.","Berani sekali nyalinya."
"Angel gawean iki.","Sukar, Susah, Sulit pekerjaan ini."
"Angger teko.","Acap kali, Setiap, Tiap kali datang."
"Anggone riko.","Andai kamu."
"Anggul anggul ae.","Alasan saja."
"Angur mangan.","Lebih Baik, Mending makan."
"Anteni isun.","Nanti, Tunggu saya."
"Antenono isun.","Nantikan, Tunggulah saya."
"Apuo nangis?","Kenapa menangis?"
"Apuwo nangis?","Mengapa menangis?"
"Aran isun.","Nama saya."
"Arep nang endi?","Akan, Mau ke mana?"
"Aron awak.","Sembuh badan."
"Aruo iki.","Coba ini."
"Ati-ati.","Hati-hati."
"Atinisun seneng.","Hatiku senang."
"Atos kayu.","Keras, Alot kayu."
"Awak isun.","Diri saya."
"Awak riko.","Dirimu."
"Awak isun.","Diriku."
"Awan panas.","Siang panas."
"Awang awang biru.","Langit, Angkasa biru."
"Awean wong iku.","Suka memberi, Tidak pelit orang itu."
"Baen isun.","Saja saya."
"Bakal teko.","Akan datang."
"Balik umah.","Kembali rumah."
"Batin isun.","Batin, Perasaan saya."
"Blambyangan tanah.","Blambangan tanah."
"Bapak isun.","Bapak saya."
"Bangur mangan.","Lebih Baik, Mending makan."
"Banguryan mangan.","Bagusan, Mendingan makan."
"Banyu mili.","Air mengalir."
"Bareng kanca.","Bersama, Dengan teman."
"Bebeng maling.","Hadang, Halang maling."
"Bebres sikil.","Tergores kaki."
"Belabur banyu.","Air meluap."
"Beledhus baune.","Bau badan tak sedap."
"Belethok dalan.","Lumpur jalan."
"Bedo rasane.","Beda, Berbeda rasanya."
"Belani isun.","Bela belain, Di bela saya."
"Beloko ae.","Saja."
"Belog pikirane.","Bodoh sekali, Bodoh banget pikirannya."
"Belondo iku.","Sisa pengolahan sendiri minyak kelentik/kelapa itu."
"Bendino teko.","Setiap Hari datang."
"Beng isun.","Anak perempuan saya."
"Bengkah kaca.","Retak kaca."
"Bengen cilik.","Dulu kecil."
"Bengene wis.","Dulunya sudah."
"Bengi adem.","Malam dingin."
"Bengok lare iku.","Tidak tahu apa apa anak itu."
"Bera-i karo karep.","Sesuai dengan keinginan."
"Berak banter.","Teriak kencang."
"Berak berak.","Teriak teriak."
"Berek sepatu.","Rusak sampai berair sepatu."
"Bik isun.","Bibi saya."
"Bingkak atine.","Menyamakan, Tidak membeda bedakan hatinya."
"Biso mangan.","Bisa makan."
"Bisane ngerti.","Bisanya tahu."
"Byakalan lare.","Pacar, Pacaran anak."
"Byalek umah.","Ruang tamu rumah."
"Bliyak lawang.","Buka pintu."
"Bluwek klambi.","Usang baju."
"Boding iku.","Parang itu."
"Bojog nakal.","Monyet nakal."
"Bombong manuk.","Adu burung."
"Bondo akeh.","Harta banyak."
"Bongak klambi.","Sobek menganga baju."
"Bongko pitik.","Mati (kasar) ayam."
"Bongol atine.","Bodoh hatinya."
"Bongkok wit.","Kayu daun kelapa pohon."
"Boreh minyak.","Oles minyak."
"Borok sikil.","Luka, Infeksi kaki."
"Boyok loro.","Punggung sakit."
"Bungah atine.","Bahagia, Senang hatinya."
"Bucur kepalane.","Kepala yang berdarah kepalanya."
"Buru teko.","Baru datang."
"Busek tulisan.","Hapus tulisan."
"Buyang sampah.","Buang sampah."
"Bukung buntut.","Ekor terpotong ekor."
"Byangete lare.","Sedang, Pas lagi anak."
"Byangsong wong iku.","Rakus sekali orang itu."
"Byarak srengenge.","Terang sekali matahari."
"Camah rasane.","Tidak Khas lagi rasanya."
"Campleng gawean.","Putus, Selesai pekerjaan."
"Cancang tali.","Ikat tali."
"Candhak tangan.","Pegang tangan."
"Canthuk giling.","Alat untuk menggiling."
"Carok isun.","Jumpa saya."
"Caring awak.","Menjemur badan biar kering badan."
"Cawis panganan.","Siap panganan."
"Cedak umah.","Dekat rumah."
"Cekakakan lare.","Terbahak bahak anak."
"Celathu makne.","Bicara marah (untuk perempuan) ibunya."
"Cemeng kucing.","Hitam kucing."
"Cendek sikile.","Pendek kakinya."
"Cengkir kelapa.","Buah kelapa yang masih sangat muda."
"Cepet mlaku.","Cepat jalan."
"Cerito isun.","Cerita saya."
"Cicir buah.","Jatuh dari atas buah."
"Cilik lare.","Kecil anak."
"Coplok sepatune.","Lepas sepatunya."
"Cumpune riko.","Umpama kamu."
"Cupar atine.","Cemburu hatinya."
"Dadan loro.","Dada sakit."
"Dadi wong pinter.","Jadi orang pintar."
"Dalan sepi.","Jalan sepi."
"Dalanan sepi.","Jalanan sepi."
"Dekok lemah.","Cekung menjorok ke dalam tanah."
"Deleng kembang.","Lihat bunga."
"Delengen tah.","Lihatlah."
"Demen isun.","Cinta, Suka saya."
"Demeni isun.","Cintai, Sukai saya."
"Demenane isun.","Kekasihnya, Yang di sukai saya."
"Depani cobaan.","Hadapi cobaan."
"Dewek isun.","Sendiri saya."
"Dewekan isun.","Sendirian saya."
"Dhupak lawang.","Depak, Sepak, Terjang pintu."
"Dino iki.","Hari ini."
"Dinggo riko.","Untuk, Buat kamu."
"Di apeni isun.","Di bohongi saya."
"Di Genengaken.","Di Biarkan."
"Di Gowo.","Di Bawa."
"Di terak.","Di bawa dan terseret."
"Di ered.","Di seret."
"Di Uwel.","Di Marahi, Di larang dengan marah marah."
"Dodo loro.","Dada sakit."
"Dongong wong iku.","Bodoh dan pelupa orang itu."
"Dowo tali.","Panjang tali."
"Drajat dhuwur.","Derajat tinggi."
"Driji dawa.","Jari panjang."
"Dudu isun.","Bukan saya."
"Dung riko teko.","Kalau, Jika kamu datang."
"Dungo isun.","Doa saya."
"Dunyo iki.","Dunia ini."
"Duso gede.","Dosa besar."
"Duwe duwit.","Punya uang."
"Duwen isun.","Milik saya."
"Duweni isun.","Miliki saya."
"Doyong wit.","Condong pohon."
"Dyamar padang.","Lampu terang."
"Dyamar telempek.","Lampu lentera."
"Dywhos penampilane.","Penampilan yang kumuh."
"Edan wong iku.","Gila orang itu."
"Eleng isun.","Ingat saya."
"Eluh mili.","Air mata mengalir."
"Elung banyu.","Beri air."
"Elungno banyu.","Berikan air."
"Eman barang.","Sayang, Cinta, Kasih barang."
"Embyah isun.","Nenek saya."
"Embuh arep nang endi.","Entah, Tak tau mau ke mana."
"Emok atine.","Marah gak menentu hatinya."
"Emong isun.","Tidak mau, Ogah saya."
"Empur umah.","Hancur rumah."
"Endane riko.","Masak (kaget) kamu."
"Edheng edheng.","Pelan pelan."
"Endi duwit?","Mana uang?"
"Engekno lawang.","Bukakan pintu."
"Enget isun.","Ingat saya."
"Endyane?","Masak?"
"Enjyong rasane.","Nikmat sekali rasanya."
"Ered barang.","Seret barang."
"Erus dinggo jangan.","Ciduk sayur."
"Esem manis.","Senyum manis."
"Ethuk sego.","Bungkus nasi/kue yang menggunakan daun pisang."
"Gambare apik.","Gambarnya bagus."
"Gampang gawean.","Mudah pekerjaan."
"Gancang mlaku.","Cepat jalan."
"Ganjur dawa.","Galah panjang."
"Ganti klambi.","Ganti, Pengganti, Yang lain baju."
"Garis takdir.","Takdir takdir-NYA."
"Garit ring dalan.","Garis di jalan."
"Garu rambut.","Sisir rambut."
"Garuan rambut.","Menyisir rambut."
"Gathak wong iku.","Sombong orang itu."
"Gati marang wong.","Perhatian kepada orang."
"Gawe umah.","Buat, Membuat rumah."
"Gyaros dodolan.","Laris jualan."
"Geberejed sikil.","Terpeleset kaki."
"Geblug lading.","Tumpul pisau."
"Gebros awak.","Pukul pakai barang yang tidak membahayakan badan."
"Gedhoh kopi.","Ampas kopi."
"Gede umah.","Besar rumah."
"Gedigi carane.","Begini caranya."
"Gedigu hang diomongaken.","Begitu yang diucapkan."
"GedigEnan tingkahe.","Seperti ini tingkahnya."
"GedigOnan tingkahe.","Seperti itu tingkahnya."
"Gegeten lare.","Ketakutan sekali (terkejut) anak."
"Gejroh lemah.","Injak dengan keras tanah."
"Gelang alit.","Cincin."
"Gelem mangan.","Mau makan."
"Gelintingan.","Tiduran."
"Gelo atine.","Kecewa hatinya."
"Gemantung ring wit.","Menggantung di pohon."
"Gempung roti.","Gosong roti."
"Gemerubyas wit.","Tumbang, Suara jatuh dengan tiba tiba pohon."
"Gemulyak banyu.","Mendidih air."
"Gemuyu lare.","Tertawa anak."
"Gending apik.","Lagu bagus."
"Genengno ae.","Biarkan saja."
"Genjur buah.","Lunak sekali buah."
"Genggem erat.","Genggam erat."
"Genten isun.","Ganti saya."
"Gentenan nyapu.","Gantian menyapu."
"Gering awak.","Kurus badan."
"Getap atine.","Penakut hatinya."
"Getih abang.","Darah merah."
"Getuh banyu.","Keruh air."
"Getun isun.","Sesal, Menyesal saya."
"Gredoan lare.","Merayu, Gurau anak."
"Gujreh mulute.","Belepotan di mulut mulutnya."
"Golek iwak.","Cari ikan."
"Golekeno banyu.","Carikan air."
"Gromyoh atine.","Ceria hatinya."
"Goblog atine.","Bodoh hatinya."
"Gomprang swara.","Ribut suara."
"Gopoh mlaku.","Buru buru, Tergopoh gopoh jalan."
"Gothang duwit.","Hilang sedikit, Berkurang uang."
"Gowo barang.","Bawa barang."
"Grahono ulan.","Gerhana bulan."
"Gubab janjine.","Bohong janjinya."
"Gulakane isun.","Nanti malah saya."
"Gumbleng kuping.","Tuli sesaat, Memekakkan telinga telinga."
"Guno akeh.","Guna banyak."
"Gunane akeh.","Gunanya banyak."
"Gurau isun.","Guru saya."
"Gurih masakan.","Nikmat masakan."
"Gusti Allah.","Tuhan, Allah."
"Guwang sendal.","Sompel sendal."
"Guyu lare.","Tawa, Tertawa anak."
"Gyayab atine.","Nafsu sekali, Semangat hatinya."
"Gyalapan jaran.","Balapan kuda."
"Hang teko.","Yang datang."
"Heng gelem.","Tidak mau."
"Heng melengon.","Tidak menghiraukan."
"Heng mupakat.","Tidak wajar."
"Ibukaâen lare iku.","Perhatikan anak itu."
"Idek sikil.","Injak kaki."
"Iki duwit.","Ini uang."
"Iklasaken atine.","Ikhlaskan hatinya."
"Ilang duwit.","Hilang uang."
"Ilangno susah.","Hilangkan susah."
"Iling isun.","Ingat saya."
"Ilir dinggo ngipas.","Kipas untuk mengipas."
"Ilir ilir.","Kipas kipas."
"Imuk lare.","Amuk anak."
"Inceng lare.","Intip anak."
"Iro arep nang endi?","Kamu, Anda, Kau mau ke mana?"
"Iseh cilik.","Masih kecil."
"Isin isun.","Malu saya."
"Isun seneng.","Aku , Saya senang."
"Jajang dinggo pagar.","Bambu untuk pagar."
"Jalaran udan.","Penyebab hujan."
"Jaluk duwit.","Minta, Pinta uang."
"Janjang kembang.","Tangkai bunga."
"Jangan asem.","Sayur asam."
"Jangan lerobyan.","Sayur dari belondo."
"Jangan tombol.","Sayur nangka."
"Jangged lem.","Lengket lem."
"Jangkep pitung dina.","Genap tujuh hari."
"Jangkepe pitung dina.","Genapnya tujuh hari."
"Jebeg dinggo bumbu.","Tempat menggiling bumbu yang terbuat dari batu."
"Jebod umah.","Rusak rumah."
"Jedhor bedug.","Bedug."
"Jemblang lawang.","Buka lebar lebar pintu."
"Jemblangen lawang.","Bukalah pintu."
"Jero umah.","Dalam rumah."
"Jibros rambute.","Gondrong dan kumal rambutnya."
"Jodo isun.","Jodoh saya."
"Jodone isun.","Jodohnya saya."
"Jodog dingklik.","Tempat duduk pendek di tanah."
"Jogo umah.","Jaga rumah."
"Jorong maling.","Jotos maling."
"Jelowokan lemah.","Lubang kecil tanah."
"Juglangan lemah.","Lubang besar tanah."
"Jumbleng dalan.","Gelap jalan."
"Junggrang wit.","Besar tinggi pohon."
"Juwut barang.","Ambil barang."
"Juwyari atine.","Percaya diri hatinya."
"Kacangan atine.","Penakut hatinya."
"Kadang teko.","Kadang datang."
"Kadange teko.","Terkadang datang."
"Kedanan wong iku.","Tergila gila orang itu."
"Kedani isun.","Sukai banget saya."
"Kedhapen moto.","Silau mata."
"Kadung teko.","Terlanjur datang."
"Kajon isun.","Kagum saya."
"Kakik isun.","Kakek saya."
"Kalah cacak menang cacak.","Kalah menang urusan belakang."
"Kambi sapa.","Dengan siapa."
"Kancing lawang.","Kunci pintu."
"Kancingno lawang.","Kuncikan pintu."
"Kang isun.","Yang saya."
"Kang (panggilan) Budi.","Kakak laki laki Budi."
"Kang ilik.","Kakak yang masih kecil."
"Kangen isun.","Rindu, Kangen saya."
"Kangeni isun.","Rindukan saya."
"Kanggo riko.","Untuk kamu."
"Kantru kantru.","Teringat, Termenung."
"Kapiliro wong iku.","Tersiksa orang itu."
"Kapuronto wernane.","Merah muda warnanya."
"Karep isun.","Keinginan, Kemauan saya."
"Karepe isun.","Keinginanya, Kemauanya saya."
"Karepno teko.","Harapkan, Inginkan datang."
"Kari isun.","Tinggal saya."
"Kariyo isun.","Tinggalah, Kini tinggal saya."
"Karipan tangi.","Kesiangan, Kurang tidur bangun."
"Katik duwit.","Pakai uang."
"Ketigo panas.","Kemarau panas."
"Katon wajahe.","Nampak, Tampak, Terlihat wajahnya."
"Kawitan isun teko.","Pertama, Mulai saya datang."
"Kawus isun.","Jera saya."
"Kebabyas isun.","Salah jalan saya."
"Kebelandur lare.","Terpeleset anak."
"Kejelowok lare.","Terpelosok anak."
"Kebes geni.","Padam, Matikan (tiup) api."
"Kebeselek isun.","Tersedak saya."
"Kecaruk isun.","Ketemu saya."
"Kecobo riko.","Kecuali kamu."
"Kecoh omongane.","Fasih, Jelas ucapannya."
"Kegandol isun.","Menanggung saya."
"Kejiglang lare.","Jatuh tersandung/terpelosok anak."
"Kejolok banyu.","Kebanyakan air."
"Kekel lare.","Tertawa terpingkal pingkal anak."
"Kekok tangane.","Kaku tangannya."
"Kelangan duwit.","Kehilangan uang."
"Kelaran ati.","Sakit, Tersakiti hati."
"Kelendi carane?","Bagaimana caranya?"
"Keli barang.","Terseret arus air barang."
"Keliwat akeh.","Terlalu, Berlebihan banyak."
"Keloyong loyong.","Tergila gila."
"Kelumus klambi.","Basah kuyup baju."
"Kembang sepatu.","Bunga sepatu."
"Kempol sikil.","Paha, Betis kaki."
"Kenci awak.","Kurus badan."
"Kene umah.","Sini rumah."
"Kenemenen omongane.","Amat sangat, Berlebihan ucapannya."
"Keneng musibah.","Kena, Bisa musibah."
"Kening banyu.","Bening air."
"Kenthel kopi.","Kental kopi."
"Kenyab lare.","Mempermainkan yang lebih tua anak."
"Kenyes kenyes.","Menggairahkan."
"Kepaling atine.","Berpaling hatinya."
"Kepeles atine.","Tertipu malu hatinya."
"Kepencut isun.","Tergoda saya."
"Kepos klambi.","Basah baju."
"Kepilis wong iku.","Kisinan orang itu."
"Kepilu isun.","Terbuai, Terbawa saya."
"Kepingin duwit.","Ingin, Keinginan uang."
"Kepincut isun.","Tergoda saya."
"Kerahang wong iku.","Tamak, Rakus orang itu."
"Kerano udan.","Karena, Sebab hujan."
"Kerawu kangkung.","Urap kangkung."
"Kerep teko.","Sering datang."
"Keronto ronto.","Sedih sekali."
"Kerungu swara.","Dengar, Mendengar suara."
"Kesapu lemah.","Tersapu tanah."
"Kesemek kesemek.","Mantap sekali."
"Kesereb lare.","Tertelungkup anak."
"Keseron omongane.","Keterlaluan ucapannya."
"Keseliring isun.","Jatuh karena salah jalan saya."
"Kesikso isun.","Tersiksa saya."
"Kesimpen duwit.","Tersimpan uang."
"Ketang udan.","Ternyata hujan."
"Ketemu isun.","Berjumpa, Bertemu saya."
"Ketimbyang mangan.","Dari pada makan."
"Ketinggulyan duwit.","Ketutupan uang."
"Ketutup duwit.","Tertutup uang."
"Kimbyang kimbyang.","Kebanyakan air."
"Kimples klambi.","Menyusut baju."
"Kiro isun.","Kira saya."
"Kobokan tangan.","Tempat cuci tangan."
"Kono umah.","Sana rumah."
"Korep wajahe.","Wajah kotor (karena baru bangun tidur)."
"Koyo riko.","Seperti, Bagaikan kamu."
"Krungu swara.","Dengar suara."
"Krutug wong-wong.","Hajar beramai ramai orang-orang."
"Kudangan isun.","Dambaan, Kekasih, Yang di sayang saya."
"Kulo nuwun.","Aku, Saya permisi."
"Kuoso gusti.","Kuasa tuhan."
"Kumed wong iku.","Pelit sekali orang itu."
"Kumpleng kuping.","Tuli sesaat, Memekakkan telinga telinga."
"Kuryangen mangan.","Ingin Lagi, Ketagihan makan."
"Ladhak wong iku.","Teguh pendirian tanpa kompromi orang itu."
"Lading landhep.","Pisau tajam."
"Lakoni gawean.","Jalani pekerjaan."
"Laku mlaku.","Jalan, Berjalan."
"Lakunya alus.","Jalanya, Berjalanya halus."
"Lamat lamat.","Sayup sayup."
"Lan kanca.","Dan teman."
"Lanang gagah.","Lelaki, Pria gagah."
"Landhep lading.","Tajam pisau."
"Lancing iku.","Lelaki belum menikah itu."
"Larad mobil.","Bablas, Jalan lari kehilangan kendali dari ketinggian mobil."
"Lare cilik.","Anak, Pemuda kecil."
"Lare buru sore.","Anak yang belum tahu apa apa / masih hijau."
"Lawang mbukak.","Pintu membuka."
"Lawange mbukak.","Pintunya membuka."
"Lawas ngenteni.","Lama menunggu."
"Layung ati.","Sedih hati."
"Lebyak medekul.","Tidak rata."
"Lebuh sampah.","Tempat sampah umum."
"Lekas rampung.","Usai, Sehabis selesai."
"Lekrekan mobil.","Rusak parah mobil."
"Lencur sekolah.","Bolos sekolah."
"Lenged kipas.","Berputar kencang sekali kipas."
"Lengek pikirane.","Bodoh sekali, Bodoh banget pikirannya."
"Lengo gas.","Minyak tanah."
"Lengo gas.","Minyak tanah."
"Lesuh awak.","Lemas, Letoy badan."
"Leyek leyek.","Tiduran."
"Lik, thulik.","Anak laki laki."
"Lilo isun.","Rela, Pasrah saya."
"Lilakno atine.","Relakan, Pasrahkan hatinya."
"Lintang padang.","Bintang terang."
"Liwat isun.","Lewat saya."
"Liwati dalan.","Lewati, Lalui jalan."
"Liyo ati.","Lain hati."
"Lodhok duwit.","Memasukkan sesuatu ke lubang uang."
"Lodhong riko.","Mampus kamu."
"Longan ring ngisor.","Di bawah tempat tidur."
"Loro (hitungan) loro.","Dua dua."
"Loro (rasa) loro.","Sakit sakit."
"Lucau tingkahe.","Lucu tingkahnya."
"Lurung sepi.","Jalan sepi."
"Lungset klambi.","Kusut baju."
"Lungsuran klambi.","Bekas baju."
"Lunyau dalan.","Licin jalan."
"Luput isun.","Salah, Keliru saya."
"Lutrek umah.","Hancur, Rusak rumah."
"Luwas klambi.","Usang, Lama baju."
"Luwyak iku.","Musang itu."
"Madak paran paran.","Tidak apa apa."
"Madang isun.","Makan saya."
"Magih isun.","Masih saya."
"Mak isun.","Ibu saya."
"Makne riko.","Biar, Agar, Supaya kamu."
"Maruh duwit.","Bagi, Membagi jadi dua uang."
"Mamut ae.","Hilang, Pergi saja."
"Man, paman.","Paman."
"Mancad lemah.","Menginjak tanah."
"Mandaneo riko.","Andaikan saja, Seandainya kamu."
"Maneh duwit.","Lagi uang."
"Mandek bis.","Berhenti bis."
"Mang mangen.","Ragu ragu, Bimbang."
"Mangu atine.","Ragu hatinya."
"Mangu mangu.","Ragu ragu."
"Maning duwit.","Lagi uang."
"Marai udan.","Mulai, Memulai, Penyebab hujan."
"Masio udan.","Walau, Meski, Walaupun, Meskipun hujan."
"Mbatesi omongan.","Membatasi omongan."
"Mbatin atine.","Menyimpan perasaan hatinya."
"Mbebeng maling.","Menghadang, Menghalang maling."
"Mbenu lare.","Bandel, Nakal, Ngeyel anak."
"Mberanang wajahe.","Merona wajahnya."
"Mbok isun.","Kakak perempuan saya."
"Mbongkok wit.","Pukul pakai kayu daun kelapa pohon."
"Mbulan padang.","Bulan terang."
"Mburi umah.","Belakang rumah."
"Mbusek tulisan.","Hapus tulisan."
"Mbuseke tulisan.","Menghapusnya, Menghilangkanya tulisan."
"Mekare kembang.","Mekarnya bunga."
"Meledos ban.","Meletus ban."
"Melengon isun.","Menghiraukan, Mengindahkan saya."
"Melekok isun.","Muntah saya."
"Melekintheng ulog.","Melingkar ular."
"Melid wong iku.","Pelit orang itu."
"Meloncrot banyu.","Muncrat air."
"Mencorot srengenge.","Bersinar matahari."
"Mending tuku.","Lebih baik beli."
"Melayu lare.","Berlari anak."
"Meltik wit.","Bertunas pohon."
"Mengan lare.","Main anak."
"Memengan lare.","Main main, Mainan, Bermain anak."
"Mengo lambene.","Buka mulut, Bicara mulutnya."
"Menungso akeh.","Manusia banyak."
"Mentolo isun.","Tega saya."
"Mareko kene.","Kesinilah, Mendekatlah, Datanglah sini."
"Melek moto.","Membuka Mata."
"Merem moto.","Menutup Mata, Terpejam."
"Mergane udan.","Karena, Sebab hujan."
"Mergo udan.","Karena, Sebab hujan."
"Mernahi ati.","Nyaman, Bikin betah hati."
"Merkingking godhong.","Terlalu kering daun."
"Merujuk wit.","Baru tumbuh, Bertunas pohon."
"Mesasat riko.","Sampai segitunya kamu."
"Mesem manis.","Senyum, Tersenyum manis."
"Mili banyu.","Mengalir air."
"Milu isun.","Ikut saya."
"Mingis lawang.","Buka sedikit pintu."
"Mlaku cepet.","Berjalan cepat."
"Mlencung lare.","Lompat anak."
"Mokso isun.","Maksa, Memaksa saya."
"Mong gelem.","Tidak mau, Ogah mau."
"Mongko udan.","Padahal hujan."
"Mongod mongod.","Kenyang/puas sekali."
"Mongso udan.","Musim hujan."
"Monyek lambene.","Tersenyum bibirnya."
"Monyik lambene.","Senyum bibirnya."
"Moreng atine.","Marah, Murka hatinya."
"Moro isun.","Datang, Tiba saya."
"Moro moro.","Tiba tiba."
"Moto loro.","Mata sakit."
"Moto walangen.","Terbelalak."
"Mrekes ati.","Menyiksa, Merampas, Merusak hati."
"Mubyar intan.","Berkilauan, Bercahaya intan."
"Mugi mugi.","Semoga."
"Muko isun.","Tadi saya."
"Mulo isun.","Memang saya."
"Mung siji.","Hanya, Cuma satu."
"Mungkasi gawean.","Menyelesaikan, Mengakhiri pekerjaan."
"Mungguo riko.","Andai kamu."
"Mungub gunung.","Menyembul gunung."
"Munyer kepala.","Pusing kepala."
"Mupakat ae.","Wajar saja."
"Muronai minuman.","Menyebabkan mabok minuman."
"Mursal wong iku.","Liar, Ugal ugalan orang itu."
"Mutioro apik.","Mutiara bagus."
"Mutiorone apik.","Mutiaranya bagus."
"Muyab temenan.","Gurau sekali."
"Myakne riko.","Biar, Agar, Supaya kamu."
"Nahan ati.","Menahan hati."
"Nangis lare.","Menangis anak."
"Nai isun.","Paling paling, Mungkin saya."
"Nclob iwak.","Di masukkan ke air ikan."
"Nalar omongan.","Bantah omongan."
"Nambahi duwit.","Menambah uang."
"Nambani lara.","Mengobati sakit."
"Ndedek umah.","Hancur rumah."
"Ngarep umah.","Mengharap rumah."
"Ngelepek lare.","Jalan jalan tak menentu anak."
"Ndadekaken isun.","Menjadikan saya."
"Ndampingi isun.","Menemani saya."
"Nderini awak.","Gemetar badan."
"Ndiko arep ngunjuk.","Anda yang di hormati mau minum."
"Ndol tingkahe.","Menggelikan. Memuakkan tingkahnya."
"Nduweni isun.","Memiliki saya."
"Nekek wong iku.","Tua sekali orang itu."
"Nemen omongane.","Sangat omongannya."
"Netes eluh.","Menetes air mata."
"Ngaboti isun.","Memberatkan, Memilih saya."
"Ngadoh isun.","Menjauh saya."
"Ngangen isun.","Berharap, Mengharapkan saya."
"Ngangen angen.","Terbayang bayang, Angan angan."
"Ngalah isun.","Mengalah saya."
"Ngalor ngidul.","Ke utara ke selatan."
"Nganti teko.","Sampai, Hingga datang."
"Ngarungi urip.","Mengarungi, Menjalani hidup."
"Ngidul isun.","Ke selatan saya."
"Ngajak kanca.","Mengajak teman."
"Ngalor ngidul.","Kesana kemari."
"Ngambul lare.","Merajuk anak."
"Ngambulan lare.","Suka merajuk anak."
"Ngambang banyu.","Mengambang air."
"Ngambung tangan.","Mencium tangan."
"Ngalangi isun.","Menghalangi saya."
"Ngaling ngaling.","Menghalang halangi."
"Nganggo klambi.","Pakai baju."
"Ngapusi janjine.","Bohongi, Ingkari janjinya."
"Ngaton wajahe.","Terbayang wajahnya."
"Ngaton ngatoni.","Terbayang bayang."
"Ngawiti gawean.","Memulai pekerjaan."
"Ngedungo isun.","Berdoa saya."
"Ngelali isun.","Melupakan saya."
"Ngelarani ati.","Menyakiti hati."
"Ngelayung isun.","Bersedih saya."
"Ngelebihi sapa.","Lebih dari, Melebihi siapa."
"Ngelilakeno ati.","Merelakan hati."
"Ngeliyo ati.","Ke lain hati, Menduakan hati."
"Ngeloro (hitungan) loro.","Menduakan, Membagi dua dua."
"Ngeloro (sifat) ati.","Menyakiti hati."
"Ngeloyong ring kolam.","Berenang di kolam."
"Ngempet luwe.","Menahan lapar."
"Ngempos bis.","Berhenti bis."
"Ngendhek mobil.","Menghentikan mobil."
"Ngengetaken isun.","Mengingatkan saya."
"Ngenteni isun.","Menanti, Menunggu saya."
"Ngepret lare.","Lari ketakutan anak."
"Ngersulo wong iku.","Kecewa orang itu."
"Ngerti isun.","Tau saya."
"Ngertine isun.","Pengertianya saya."
"Nggagas isun.","Memikirkan saya."
"Ngganteni isun.","Menggantikan saya."
"Nggayuh impen.","Menggapai, Meraih, Mengambil. Merasakan mimpi."
"Nggeledrek sore.","Jalan jalan keluar rumah sore."
"Nggeledeg tim.","Kalah sebelum bertanding tim."
"Ngelencur tim.","Kalah sebelum bertanding tim."
"Nggelinting.","Tiduran."
"Nggelinseng wernane.","Hitam sekali warnanya."
"Ngidit lare.","Terbirit birit anak."
"Ngimpi isun.","Mimpi saya."
"Ngiro isun.","Mengira saya."
"Ngisi banyu.","Mengisi air."
"Nglalekeno isun.","Melupakan saya."
"Nglakoni urip.","Menjalani hidup."
"Ngloro ati.","Menyakiti, Buat sakit hati."
"Ngobong sampah.","Membakar sampah."
"Ngogrok lare.","Jongkok anak."
"Ngomong banter.","Bilang, Mengucap, Bicara kencang."
"Ngomongo.","Bicaralah."
"Ngonsrong lare.","Terengah engah anak."
"Ngontreng ban.","Berputar putar lepas kendali ban."
"Ngucap syukur.","Mengatakan syukur."
"Ngungkapno ati.","Mengungkapkan hati."
"Ngrestui isun.","Merestui saya."
"Nguber maling.","Mengejar maling."
"Nguras sumur.","Menguras sumur."
"Ngurungaken isun.","Mengundurkan, Menghentikan saya."
"Ngyampung pari.","Panen padi."
"Ninggal isun.","Tinggalkan, Meninggalkan saya."
"Ninggalaken isun.","Meninggalkan saya."
"Ningguli sampah.","Menutupi sampah."
"Njaluk duwit.","Minta, Meminta uang."
"Njepopor wajahe.","Rusak (wajah) wajahnya."
"Njero umah.","Dalam rumah."
"Nompo duwit.","Menerima uang."
"Nong umah.","Di rumah."
"Noring ati.","Di, Pada, Dalam hati."
"Nono duwit.","Tidak ada uang."
"Nongko londo.","Buah Sirsak."
"Nundung asu.","Mengusir anjing."
"Nuruti karep.","Menuruti keinginan."
"Nyakseni isun.","Menyaksikan saya."
"Nyali gede.","Nyali, Keberanian besar."
"Nyang pasar.","Pada, Kepada pasar."
"Nyanding isun.","Berdampingan, Memiliki saya."
"Nyatane isun.","Kenyataanya saya."
"Nyawang kembang.","Melihat bunga."
"Nyekso wong.","Menyiksa orang."
"Nyembah gusti.","Menyembah tuhan."
"Nyonggo beban.","Menanggung, Memikul beban."
"Nyoto seru.","Nyata sekali."
"Nyowo siji.","Nyawa satu."
"Nyingkrih isun.","Menghindar saya."
"Nyulayani janji.","Mengingkari janji."
"Nyunyur buah.","Lunak sekali buah."
"Nyuworo banter.","Bersuara kencang."
"Odod wit.","Akar pohon."
"Ojo mangan.","Jangan makan."
"Ojo papak.","Jangankan."
"Olih mangan.","Boleh makan."
"Omong banter.","Ucap, Kata, Bicara kencang."
"Omonge banter.","Ucapanya kencang."
"Ondok umah.","Tangga rumah."
"Ondo ondoan.","Bersenggama."
"Ongkal lading.","Mengasah pisau."
"Ongkeb awak.","Gerah, Berkeringat badan."
"Ontong gedhang.","Tongkol Pisang."
"Ontrag wong-wong.","Gempar orang-orang."
"Opo iki?","Apa ini?"
"Opor-oporan.","Bakar bakaran."
"Ono duwit.","Ada uang."
"Ono paran.","Ada apa."
"Osing isun.","Tidak saya."
"Paceke teko.","Acap kali, Setiap, Tiap kali datang."
"Padang srengenge.","Terang matahari."
"Padange srengenge.","Terangnya matahari."
"Pakpok utang.","Impas hutang."
"Panggon umah.","Tempat rumah."
"Pangluh wit.","Melengkung, Mentiyung pohon."
"Papag isun.","Jemput saya."
"Papak lading.","Tumpul pisau."
"Paran iki?","Apa ini?"
"Paran jare.","Terserah."
"Paran maning.","Apalagi."
"Parek umah.","Dekat rumah."
"Pastekno iku.","Pastikan itu."
"Patheng nyambut gawe.","Giat bekerja."
"Pati teko.","Sering datang."
"Pawon umah.","Ruang dapur rumah."
"Payung dinggo.","Pelindung, Penutup untuk."
"Payunge dinggo.","Pelindungnya, Penutupnya untuk."
"Pecak sikil.","Bekas kaki."
"Pedhot tali.","Putus tali."
"Pegat isun.","Cerai, Putus saya."
"Pekso isun.","Paksa saya."
"Peloncok dawa.","Tempat duduk panjang lebar."
"Peluken isun.","Peluklah saya."
"Pengasihan isun.","Santet saya."
"Penging lare.","Larang anak."
"Percoyo isun.","Percaya saya."
"Percumo duwit.","Percuma uang."
"Perdang perding.","Celingukan."
"Perkul dinggo.","Kampak untuk."
"Pernah isun.","Betah saya."
"Penyar pikiran.","Pikiran jadi plong."
"Pesantikan keris.","Pegangan senjata keris."
"Peteng dalan.","Gelap jalan."
"Petenge dalan.","Gelapnya jalan."
"Pethal piring.","Pisah, Pecah piring."
"Pethekel awak.","Kuat, Gagah, Berotot badan."
"Picis akeh.","Uang banyak."
"Pilihno isun.","Pilihkan saya."
"Pingin mangan.","Ingin makan."
"Pisahan isun.","Berpisah saya."
"Pisan ae.","Sekali saja."
"Pisan isun.","Juga saya."
"Podo rasane.","Sama rasanya."
"Podo podo.","Sama sama."
"Pokang loro.","Paha sakit."
"Polae udan.","Karena hujan."
"Praenan riko.","Wajah, Raut, Tampang, Muka kamu."
"Protongan lare.","Terkejut dan salah tingkah anak."
"Puges wit.","Memanggal pohon."
"Pujane isun.","Pujaan saya."
"Pujo isun.","Puja saya."
"Pungkase crita.","Akhirnya, Berakhirnya, Penutup cerita."
"Pungkiri janji.","Elakan, Bantah janji."
"Puteh wernane.","Putih warnanya."
"Puthuk gunung.","Bukit gunung."
"Rabi isun.","Istri saya."
"Ranting bambu.","Sangkrah bambu."
"Rasane enak.","Rasanya enak."
"Rasakeno dewek.","Rasakan, Merasakan sendiri."
"Reki rambut.","Ketombe rambut."
"Rempi awak.","Tidak kuat badan."
"Remuk ati.","Hancur hati."
"Remuke ati.","Hancurnya hati."
"Rencek barang.","Kecil/ringan barang."
"Rencem barang.","Rusak barang."
"Rendeng udan.","Penghujan hujan."
"Ring umah.","Di rumah."
"Rogo isun.","Raga saya."
"Roso ati.","Rasa hati."
"Royak wong-wong.","Ramai, Ricuh orang-orang."
"Ruces wong-wong.","Heboh orang-orang."
"Rumongso isun.","Merasa, Perasaan saya."
"Rumangsane isun.","Perasaanya saya."
"Rumyatan pitik.","Peliharaan ayam."
"Rungokno isun.","Dengarkan saya."
"Sabar isun.","Sabar saya."
"Saben dina.","Setiap hari."
"Sabendino teko.","Setiap Hari datang."
"Sabrang jalar.","Ubi jalar."
"Sak duwit.","Seuang."
"Sak majase.","Apa adanya."
"Sak pantaran.","Sebaya, Seumuran."
"Sak temene.","Sebenarnya."
"Sakat wingi.","Saat kemarin."
"Saiki isun.","Sekarang saya."
"Saikine isun.","Sekarang saya."
"Sait maling.","Hajar, Melepaskan serangan tangan maling."
"Sale gedhang.","Pisang selai."
"Sambang duwit.","Milik, Punya uang."
"Sampat lare.","Pukul pakai kayu anak."
"Sampek teko.","Sampai, Hingga datang."
"Sampekeno isun.","Sampaikan saya."
"Samudro jembar.","Samudera, Laut luas."
"Sanding isun.","Sanding, Berdamping, Temani saya."
"Sandingen isun.","Dampingilah, Temanilah saya."
"Sarehne udan.","Berhubung hujan."
"Sawai iku.","Ubi kayu, Singkong itu."
"Sawang kembang.","Lihat bunga."
"Sawangen kembang.","Lihatlah bunga."
"Sawen ijo.","Sawi hijau."
"Selawase urip.","Selamanya hidup."
"Semat dinggo.","Lidi untuk."
"Sembur banyu.","Sebar, Tebar air."
"Semembrung bau.","Semerbak bau."
"Semebyar berita.","Tersebar berita."
"Semende ring wit.","Sandar, Bersandar di pohon."
"Semprong geni.","Tiup api."
"Sempurno gawean.","Sempurna pekerjaan."
"Seng gelem.","Tidak mau."
"Sing gelem.","Tidak mau."
"Seneng isun.","Suka, Cinta saya."
"Senuk iku.","PSK itu."
"Sengget wit.","Galah pohon."
"Sepuro isun.","Maaf saya."
"Sepurane isun.","Maafkan saya."
"Serang atine.","Saking hatinya."
"Serange atine.","Begitu besar hatinya."
"Serantan ati.","Hati hati, Sabar hati."
"Serepet wong iku.","Setengah gila orang itu."
"Serngenge padang.","Matahari terang."
"Sesek ambekan.","Sesak nafas."
"Seru temenan.","Betul betul sekali."
"Serwiwi pitik.","Sayap ayam."
"Setalangan isun.","Memang saya."
"Setyo isun.","Setia saya."
"Sibrak kertas.","Sobek jadi dua kertas."
"Sigunen isun.","Cigukan saya."
"Simpen duwit.","Simpan uang."
"Simpenen duwit.","Simpanlah, Simpan saja uang."
"Siji duwit.","Satu uang."
"Siji sijine.","Satu satunya."
"Sing ono duwit.","Tidak ada uang."
"Sing paran paran.","Tidak apa apa."
"Sir siran.","Pacar, Pacaran."
"Siro arep nang endi?","Kamu, Anda, Kau mau ke mana?"
"Sokheh rasane.","Nikmat sekali rasanya."
"Soko ngendi?","Dari mana?"
"Suloyo janjine.","Ingkar janjinya."
"Songgo beban.","Tanggung, Pikul beban."
"Sopo arane?","Siapa namanya?"
"Sontok maling.","Jotos maling."
"Sowok sihir.","Teluh."
"Soyo akeh.","Makin, Semakin banyak."
"Sudo duwit.","Berkurang uang."
"Sulung isun.","Duluan saya."
"Sulung isun.","Sebentar, Entar saya."
"Sun seneng.","Aku , Saya senang."
"Sungkan isun.","Enggan, Malu saya."
"Sunggrak iku.","Perangkap duri besar itu."
"Surut banyu.","Berkurang, Menurun, Menyusut air."
"Suwargo iki.","Surga ini."
"Suwek klambi.","Robek, Sobek baju."
"Suwi ngenteni.","Lama menunggu."
"Suwing tali.","Putus tali."
"Suworo banter.","Suara kencang."
"Tah riko.","Kah kamu."
"Takal takalan.","Dengan segala upaya."
"Taker umah.","Sampai rumah."
"Takon isun.","Tanya saya."
"Talar omongan.","Bantah omongan."
"Tali dawa.","Ikat, Ikatan panjang."
"Tambeng lare.","Nakal anak."
"Tanggo isun.","Kira saya."
"Tapi isun.","Tapi saya."
"Taping isun.","Tetapi saya."
"Tapuk lare.","Tampar anak."
"Tanduk bola.","Tendang bola."
"Tanpo duwit.","Tanpa uang."
"Tasemak moto.","Kacamata mata."
"Tatak atine.","Gigih hatinya."
"Tatag atine.","Kuat hatinya."
"Tatu sikil.","Luka kaki."
"Tatune abang.","Lukanya merah."
"Tau isun.","Pernah saya."
"Tau tah.","Pernahkah."
"Tedyas mantra.","Mempan mantra."
"Teko isun.","Tiba, Hadir, Datang saya."
"Teko ngendi?","Dari mana?"
"Tego isun.","Tega saya."
"Temakno udan.","Ternyata hujan."
"Tembang apik.","Lagu, Nyanyian bagus."
"Temebluk saka wit.","Jatuh dari pohon."
"Temen temenan.","Benar benar sekali."
"Temenan isun.","Serius, Sungguh sungguh saya."
"Temencog lare.","Terjun anak."
"Tembyeler barang.","Suka taruh barang sembarangan."
"Temencog lare.","Lompat anak."
"Temetes eluh.","Menetes air mata."
"Tempong mulute.","Mulut yang di tampar mulutnya."
"Tentrem ati.","Tentram hati."
"Terbas mangsa.","Terkam mangsa."
"Tetep isun.","Tetap saya."
"Thulik isun.","Anak laki laki saya."
"Tibane isun.","Ternyata saya."
"Tibo lare.","Jatuh anak."
"Tibo kesereb.","Jatuh tertelungkup."
"Timbyangeno isun.","Dari pada saya."
"Titipno duwit.","Titipkan uang."
"Tratag gedhe.","Panggung besar."
"Tresno isun.","Sayang, Cinta, Kasih saya."
"Trimo kasih.","Terima kasih."
"Trimoen kasih.","Terimalah kasih."
"Tulung isun.","Tolong saya."
"Tujes maling.","Tikam maling."
"Tugel tali.","Putus tali."
"Tulodho apik.","Contoh bagus."
"Tuman isun.","Sering, Kebiasaan, Kecanduan saya."
"Temebluk saka wit.","Jatuh dari atas pohon."
"Tundung asu.","Usir anjing."
"Turu isun.","Tidur saya."
"Tuwuk isun.","Puas, Kenyang saya."
"Tuwas isun.","Hanya membuat, Bikin saya."
"Tuwyas isun.","Nanti malah saya."
"Udan deres.","Hujan deras."
"Ugo isun.","Juga saya."
"Ukuryane teko.","Pastinya datang."
"Ulan padang.","Bulan terang."
"Ulog medeni.","Ular menakutkan."
"Umpomo teko.","Seandainya datang."
"Umyah isun.","Rumah saya."
"Umyan panganan.","Kebagian makanan."
"Uneg unegen.","Malas makan karena aromanya."
"Ungkapno ati.","Ungkapkan hati."
"Unyik lambene.","Senyum bibirnya."
"Urip isun.","Hidup saya."
"Using tah.","Masak iya? ( Kaget )."
"Uwah wernane.","Berubah warnanya."
"Uwel wong iku.","Marah, Larang orang itu."
"Wadon ayu.","Wanita, Perempuan cantik."
"Waled daging.","Alot daging."
"Wanen atine.","Berani hatinya."
"Wanenan atine.","Beranian hatinya."
"Wangi kembang.","Harum, Wangi bunga."
"Wangkot wong iku.","Keras kepala orang itu."
"Wayah udan.","Waktu hujan."
"Wawuh isun.","Akrab, Kenal saya."
"Wedi isun.","Takut saya."
"Wejek jeruk.","Peras jeruk."
"Wel welan.","Berdesak desakan."
"Welas isun.","Sayang, Cinta, Suka, Kasih saya."
"Welase isun.","Cintanya saya."
"Welasi isun.","Sayangi, Cintai saya."
"Wero plataran.","Luas halaman."
"Weruh isun.","Tau saya."
"Wes mangan.","Sudah makan."
"Wes kadhung.","Terlanjur."
"Wingek isun.","Dulu sekali, Dulu banget saya."
"Wingyenanek isun.","Kemarin saya."
"Woco buku.","Baca buku."
"Wong akeh.","Orang banyak."
"Wong Osing.","Orang Osing."
"Wong tuwek.","Orang tua."
"Wujud nyata.","Bentuk, Wujud, Hasil nyata."
"Wujude nyata.","Bentuknya, Wujudnya, Hasilnya nyata."
"Wuruk apik.","Ajaran bagus."
"Wutuh isun.","Utuh saya."
"Wutuhe isun.","Seutuhnya saya."
"Wuwunyan umah.","Bubungan rumah."
"Yane wis teko.","Dia sudah datang."
"Yo isun.","Ya saya."
"Yotro akeh.","Uang banyak."
